name,episode,time
Addam Marbrand,S01E10,76
Adele Smyth-Kennedy,S07E05,36
Adrack Humble,S04E08,190
Aeron Greyjoy,S06E02,87
Aeron Greyjoy,S06E05,514
Aerys Targaryen,S06E06,23
Aggo,S02E01,185
Akho,S06E01,318
Akho,S06E03,89
Akho,S06E04,138
Alliser Thorne,S01E03,96
Alliser Thorne,S01E04,648
Alliser Thorne,S01E07,330
Alliser Thorne,S01E08,68
Alliser Thorne,S04E01,176
Alliser Thorne,S04E03,171
Alliser Thorne,S04E04,269
Alliser Thorne,S04E07,152
Alliser Thorne,S04E09,280
Alliser Thorne,S05E01,189
Alliser Thorne,S05E02,302
Alliser Thorne,S05E03,286
Alliser Thorne,S05E05,91
Alliser Thorne,S05E07,237
Alliser Thorne,S05E09,60
Alliser Thorne,S05E10,132
Alliser Thorne,S06E01,219
Alliser Thorne,S06E02,179
Alliser Thorne,S06E03,185
Alton Lannister,S02E01,92
Alton Lannister,S02E02,49
Alton Lannister,S02E07,459
Alys Karstark,S07E01,300
Alys Karstark,S07E02,237
Alys Karstark,S08E01,7
Alys Karstark,S08E02,474
Alys Karstark,S08E03,32
Amory Lorch,S02E03,142
Amory Lorch,S02E04,95
Amory Lorch,S02E06,169
Anara,S05E09,162
Anguy,S03E02,241
Anguy,S03E03,25
Anguy,S03E04,302
Anguy,S03E05,251
Anguy,S03E06,316
Anguy,S03E07,17
Anya Waynwood,S04E08,498
Archmaester Ebrose,S07E01,199
Archmaester Ebrose,S07E02,190
Archmaester Ebrose,S07E03,177
Archmaester Ebrose,S07E05,181
Areo Hotah,S05E02,112
Areo Hotah,S05E06,92
Areo Hotah,S05E07,16
Areo Hotah,S05E09,358
Areo Hotah,S05E10,63
Areo Hotah,S06E01,82
Armeca,S01E07,304
Armeca,S02E01,25
Armeca,S02E02,55
Armeca,S02E09,245
Arthur,S06E03,85
Arthur,S06E10,102
Arthur Dayne,S06E03,286
Arya Stark,S01E01,722
Arya Stark,S01E02,600
Arya Stark,S01E03,565
Arya Stark,S01E04,357
Arya Stark,S01E05,284
Arya Stark,S01E06,259
Arya Stark,S01E08,227
Arya Stark,S01E09,388
Arya Stark,S01E10,253
Arya Stark,S02E01,29
Arya Stark,S02E02,467
Arya Stark,S02E03,551
Arya Stark,S02E04,412
Arya Stark,S02E05,420
Arya Stark,S02E06,534
Arya Stark,S02E07,363
Arya Stark,S02E08,412
Arya Stark,S02E10,185
Arya Stark,S03E02,410
Arya Stark,S03E03,179
Arya Stark,S03E04,302
Arya Stark,S03E05,521
Arya Stark,S03E06,316
Arya Stark,S03E07,136
Arya Stark,S03E08,167
Arya Stark,S03E09,400
Arya Stark,S03E10,181
Arya Stark,S04E01,615
Arya Stark,S04E03,381
Arya Stark,S04E05,240
Arya Stark,S04E07,486
Arya Stark,S04E08,128
Arya Stark,S04E10,660
Arya Stark,S05E02,419
Arya Stark,S05E03,570
Arya Stark,S05E06,732
Arya Stark,S05E08,276
Arya Stark,S05E09,506
Arya Stark,S05E10,267
Arya Stark,S06E01,138
Arya Stark,S06E02,117
Arya Stark,S06E03,300
Arya Stark,S06E05,554
Arya Stark,S06E06,396
Arya Stark,S06E07,142
Arya Stark,S06E08,594
Arya Stark,S06E10,53
Arya Stark,S07E01,291
Arya Stark,S07E02,382
Arya Stark,S07E04,684
Arya Stark,S07E05,409
Arya Stark,S07E06,523
Arya Stark,S07E07,455
Arya Stark,S08E01,292
Arya Stark,S08E02,676
Arya Stark,S08E03,762
Arya Stark,S08E04,750
Arya Stark,S08E05,754
Arya Stark,S08E06,1123
Ash,S06E04,138
Axell Florent,S04E02,33
Aya,S05E09,162
Baby Jon Snow,S06E10,39
Baby Sam,S03E03,35
Baby Sam,S03E04,91
Baby Sam,S03E06,199
Baby Sam,S03E08,391
Baby Sam,S03E09,98
Baby Sam,S03E10,415
Baby Sam,S04E03,347
Baby Sam,S04E08,17
Baby Sam,S04E09,216
Baby Sam,S05E01,56
Baby Sam,S05E05,50
Baby Sam,S05E07,226
Baby Sam,S05E10,29
Baby Sam,S06E03,229
Baby Sam,S06E06,398
Baby Sam,S06E10,173
Baby Sam,S07E01,80
Baby Sam,S07E05,150
Baby Sam,S07E07,7
Baby Sam,S08E02,4
Baby Sam,S08E03,134
Balon Greyjoy,S02E02,251
Balon Greyjoy,S02E03,316
Balon Greyjoy,S03E10,163
Balon Greyjoy,S06E02,340
Bannen,S03E04,61
Baratheon General,S05E10,248
Baratheon Soldier #1,S05E10,79
Baratheon Soldier #2,S05E10,66
Barra,S02E01,125
Barristan Selmy,S01E03,272
Barristan Selmy,S01E04,249
Barristan Selmy,S01E05,331
Barristan Selmy,S01E06,113
Barristan Selmy,S01E07,601
Barristan Selmy,S01E08,369
Barristan Selmy,S03E01,177
Barristan Selmy,S03E03,393
Barristan Selmy,S03E04,334
Barristan Selmy,S03E05,174
Barristan Selmy,S03E07,315
Barristan Selmy,S03E08,255
Barristan Selmy,S03E09,183
Barristan Selmy,S03E10,267
Barristan Selmy,S04E01,86
Barristan Selmy,S04E03,417
Barristan Selmy,S04E04,120
Barristan Selmy,S04E05,121
Barristan Selmy,S04E06,311
Barristan Selmy,S04E08,330
Barristan Selmy,S04E10,248
Barristan Selmy,S05E01,131
Barristan Selmy,S05E02,503
Barristan Selmy,S05E04,185
Barristan Selmy,S05E05,92
Bathhouse Prostitute,S04E06,145
Bear Island Maester,S06E07,325
Beggar Woman,S05E03,169
Belicho Paenymion,S06E04,170
Belicho Paenymion,S06E09,219
Benjen Stark,S01E01,447
Benjen Stark,S01E02,336
Benjen Stark,S01E03,449
Benjen Stark,S06E06,226
Benjen Stark,S06E10,89
Benjen Stark,S07E06,57
Beric Dondarrion,S01E06,245
Beric Dondarrion,S03E04,214
Beric Dondarrion,S03E05,381
Beric Dondarrion,S03E06,345
Beric Dondarrion,S03E07,106
Beric Dondarrion,S06E08,282
Beric Dondarrion,S07E01,382
Beric Dondarrion,S07E05,203
Beric Dondarrion,S07E06,1819
Beric Dondarrion,S07E07,90
Beric Dondarrion,S08E01,224
Beric Dondarrion,S08E02,337
Beric Dondarrion,S08E03,467
Beric Dondarrion,S08E04,76
Bernadette,S07E03,18
Bianca,S06E05,285
Bianca,S06E06,276
Biter,S02E02,85
Biter,S02E08,42
Biter,S04E07,7
Black Jack Bulwer,S04E08,188
Black Lorren,S02E05,115
Black Lorren,S02E06,216
Black Lorren,S02E07,60
Black Lorren,S02E10,125
Black Walder Rivers,S03E06,123
Black Walder Rivers,S03E09,373
Black Walder Rivers,S06E06,125
Black Walder Rivers,S06E07,160
Black Walder Rivers,S06E10,115
Boat Commander,S03E01,41
Bobono,S06E05,285
Bobono,S06E06,292
Bolton General,S06E09,34
Bolton Guard,S04E06,66
Bolton Officer,S06E01,165
Bolton Soldier,S06E01,165
Bowen Marsh,S05E03,178
Bowen Marsh,S05E05,91
Bowen Marsh,S05E07,232
Bowen Marsh,S05E09,35
Bowen Marsh,S05E10,115
Bowen Marsh,S06E01,219
Bowen Marsh,S06E02,82
Bowen Marsh,S06E03,185
Braavosi Captain,S05E08,111
Braavosi Madam,S05E09,162
Braavosi Theatre Server,S06E05,229
Braavosi Theatre Sound Artist,S06E05,229
Braavosi Theatre Sound Artist,S06E06,19
Braavosi Woman #1,S06E05,229
Braavosi Woman #2,S06E05,229
Bran Stark,S01E01,1083
Bran Stark,S01E02,646
Bran Stark,S01E03,182
Bran Stark,S01E04,206
Bran Stark,S01E05,155
Bran Stark,S01E06,319
Bran Stark,S01E08,362
Bran Stark,S01E10,162
Bran Stark,S02E01,207
Bran Stark,S02E03,185
Bran Stark,S02E05,209
Bran Stark,S02E06,469
Bran Stark,S02E07,61
Bran Stark,S02E08,56
Bran Stark,S02E10,200
Bran Stark,S03E02,427
Bran Stark,S03E04,79
Bran Stark,S03E06,181
Bran Stark,S03E07,238
Bran Stark,S03E09,429
Bran Stark,S03E10,414
Bran Stark,S04E02,181
Bran Stark,S04E04,276
Bran Stark,S04E05,457
Bran Stark,S04E10,513
Bran Stark,S06E02,292
Bran Stark,S06E03,393
Bran Stark,S06E05,761
Bran Stark,S06E06,375
Bran Stark,S06E10,286
Bran Stark,S07E01,89
Bran Stark,S07E03,154
Bran Stark,S07E04,416
Bran Stark,S07E05,24
Bran Stark,S07E07,563
Bran Stark,S08E01,328
Bran Stark,S08E02,612
Bran Stark,S08E03,546
Bran Stark,S08E04,781
Bran Stark,S08E06,1029
Brant,S05E07,152
Brea,S05E09,162
Brienne of Tarth,S02E03,329
Brienne of Tarth,S02E04,301
Brienne of Tarth,S02E05,391
Brienne of Tarth,S02E06,80
Brienne of Tarth,S02E07,327
Brienne of Tarth,S02E08,143
Brienne of Tarth,S02E10,298
Brienne of Tarth,S03E02,471
Brienne of Tarth,S03E03,250
Brienne of Tarth,S03E04,300
Brienne of Tarth,S03E05,514
Brienne of Tarth,S03E06,138
Brienne of Tarth,S03E07,300
Brienne of Tarth,S03E10,36
Brienne of Tarth,S04E01,137
Brienne of Tarth,S04E02,115
Brienne of Tarth,S04E04,266
Brienne of Tarth,S04E05,249
Brienne of Tarth,S04E07,315
Brienne of Tarth,S04E10,454
Brienne of Tarth,S05E01,92
Brienne of Tarth,S05E02,458
Brienne of Tarth,S05E03,339
Brienne of Tarth,S05E05,126
Brienne of Tarth,S05E07,8
Brienne of Tarth,S05E10,140
Brienne of Tarth,S06E01,200
Brienne of Tarth,S06E02,176
Brienne of Tarth,S06E04,356
Brienne of Tarth,S06E05,532
Brienne of Tarth,S06E08,485
Brienne of Tarth,S07E01,390
Brienne of Tarth,S07E02,237
Brienne of Tarth,S07E04,243
Brienne of Tarth,S07E06,105
Brienne of Tarth,S07E07,1338
Brienne of Tarth,S08E01,231
Brienne of Tarth,S08E02,1060
Brienne of Tarth,S08E03,326
Brienne of Tarth,S08E04,1153
Brienne of Tarth,S08E06,1047
Bronn,S01E04,184
Bronn,S01E05,268
Bronn,S01E06,602
Bronn,S01E08,525
Bronn,S01E09,819
Bronn,S02E01,222
Bronn,S02E02,211
Bronn,S02E03,202
Bronn,S02E04,121
Bronn,S02E05,376
Bronn,S02E08,222
Bronn,S02E09,355
Bronn,S03E01,169
Bronn,S03E03,283
Bronn,S03E07,81
Bronn,S03E08,185
Bronn,S04E01,235
Bronn,S04E02,164
Bronn,S04E04,263
Bronn,S04E07,268
Bronn,S05E02,173
Bronn,S05E04,533
Bronn,S05E06,264
Bronn,S05E07,224
Bronn,S05E09,129
Bronn,S05E10,63
Bronn,S06E07,292
Bronn,S06E08,112
Bronn,S06E10,83
Bronn,S07E03,19
Bronn,S07E04,707
Bronn,S07E05,146
Bronn,S07E07,309
Bronn,S08E01,164
Bronn,S08E04,190
Bronn,S08E06,250
Brothel Child #1,S05E10,76
Brothel Child #2,S05E10,76
Brothel Customer,S02E02,55
Brothel Customer,S05E04,85
Brothel Guard,S05E03,29
Brother Ray,S06E07,530
Brusco,S05E09,42
Brynden Tully,S03E03,423
Brynden Tully,S03E05,202
Brynden Tully,S03E06,226
Brynden Tully,S03E07,65
Brynden Tully,S03E09,558
Brynden Tully,S06E07,229
Brynden Tully,S06E08,300
Camello,S06E05,285
Camello,S06E06,255
Captain of the Archers,S02E09,122
Captain's Daughter,S02E02,119
Catelyn Stark,S01E01,1121
Catelyn Stark,S01E02,798
Catelyn Stark,S01E03,343
Catelyn Stark,S01E04,184
Catelyn Stark,S01E05,387
Catelyn Stark,S01E06,602
Catelyn Stark,S01E08,491
Catelyn Stark,S01E09,607
Catelyn Stark,S01E10,439
Catelyn Stark,S02E01,171
Catelyn Stark,S02E03,329
Catelyn Stark,S02E04,421
Catelyn Stark,S02E05,391
Catelyn Stark,S02E06,161
Catelyn Stark,S02E07,327
Catelyn Stark,S02E08,101
Catelyn Stark,S02E10,104
Catelyn Stark,S03E01,105
Catelyn Stark,S03E02,265
Catelyn Stark,S03E03,280
Catelyn Stark,S03E04,16
Catelyn Stark,S03E05,274
Catelyn Stark,S03E06,226
Catelyn Stark,S03E07,73
Catelyn Stark,S03E09,1074
Catelyn Stark,S06E06,7
Catspaw Assassin,S01E02,192
Cersei Lannister,S01E01,786
Cersei Lannister,S01E02,528
Cersei Lannister,S01E03,228
Cersei Lannister,S01E04,349
Cersei Lannister,S01E05,379
Cersei Lannister,S01E06,269
Cersei Lannister,S01E07,685
Cersei Lannister,S01E08,501
Cersei Lannister,S01E09,330
Cersei Lannister,S01E10,197
Cersei Lannister,S02E01,546
Cersei Lannister,S02E02,277
Cersei Lannister,S02E03,170
Cersei Lannister,S02E05,98
Cersei Lannister,S02E06,190
Cersei Lannister,S02E07,368
Cersei Lannister,S02E08,324
Cersei Lannister,S02E09,775
Cersei Lannister,S02E10,273
Cersei Lannister,S03E01,413
Cersei Lannister,S03E02,131
Cersei Lannister,S03E03,244
Cersei Lannister,S03E04,343
Cersei Lannister,S03E05,270
Cersei Lannister,S03E06,172
Cersei Lannister,S03E08,429
Cersei Lannister,S03E10,427
Cersei Lannister,S04E01,195
Cersei Lannister,S04E02,1258
Cersei Lannister,S04E03,490
Cersei Lannister,S04E04,154
Cersei Lannister,S04E05,698
Cersei Lannister,S04E06,1130
Cersei Lannister,S04E07,60
Cersei Lannister,S04E08,300
Cersei Lannister,S04E10,409
Cersei Lannister,S05E01,377
Cersei Lannister,S05E02,358
Cersei Lannister,S05E03,548
Cersei Lannister,S05E04,260
Cersei Lannister,S05E06,646
Cersei Lannister,S05E07,650
Cersei Lannister,S05E08,291
Cersei Lannister,S05E10,797
Cersei Lannister,S06E01,253
Cersei Lannister,S06E02,211
Cersei Lannister,S06E03,230
Cersei Lannister,S06E04,352
Cersei Lannister,S06E06,119
Cersei Lannister,S06E07,130
Cersei Lannister,S06E08,371
Cersei Lannister,S06E10,556
Cersei Lannister,S07E01,539
Cersei Lannister,S07E02,205
Cersei Lannister,S07E03,688
Cersei Lannister,S07E04,90
Cersei Lannister,S07E05,324
Cersei Lannister,S07E07,1580
Cersei Lannister,S08E01,294
Cersei Lannister,S08E04,541
Cersei Lannister,S08E05,586
Cersei Lannister,S08E06,130
Chella,S01E08,198
Chella,S01E09,48
Citadel Maester,S06E10,144
Clarenzo,S06E05,285
Clarenzo,S06E06,187
Clarenzo,S06E08,87
Clea,S05E03,106
Cley Cerwyn,S06E10,279
Colen of Greenpools,S02E03,248
Cooper,S04E09,161
Craster,S02E01,239
Craster,S02E02,132
Craster,S02E03,37
Craster,S03E03,153
Craster,S03E04,190
Craster's Wife,S03E03,35
Craster's Wife #2,S04E04,86
Craster's Wife #3,S04E04,86
Craster's Younger Wife,S03E03,35
Craya,S08E01,74
Daario Naharis,S03E08,498
Daario Naharis,S03E09,203
Daario Naharis,S03E10,267
Daario Naharis,S04E01,189
Daario Naharis,S04E03,354
Daario Naharis,S04E05,121
Daario Naharis,S04E07,176
Daario Naharis,S05E01,239
Daario Naharis,S05E02,544
Daario Naharis,S05E04,69
Daario Naharis,S05E05,267
Daario Naharis,S05E07,155
Daario Naharis,S05E09,944
Daario Naharis,S05E10,253
Daario Naharis,S06E01,171
Daario Naharis,S06E04,464
Daario Naharis,S06E05,192
Daario Naharis,S06E06,243
Daario Naharis,S06E09,7
Daario Naharis,S06E10,216
Daenerys Targaryen,S01E01,819
Daenerys Targaryen,S01E02,578
Daenerys Targaryen,S01E03,305
Daenerys Targaryen,S01E04,273
Daenerys Targaryen,S01E06,584
Daenerys Targaryen,S01E07,578
Daenerys Targaryen,S01E08,379
Daenerys Targaryen,S01E09,566
Daenerys Targaryen,S01E10,818
Daenerys Targaryen,S02E01,238
Daenerys Targaryen,S02E02,171
Daenerys Targaryen,S02E04,392
Daenerys Targaryen,S02E05,633
Daenerys Targaryen,S02E06,374
Daenerys Targaryen,S02E07,365
Daenerys Targaryen,S02E08,107
Daenerys Targaryen,S02E10,757
Daenerys Targaryen,S03E01,545
Daenerys Targaryen,S03E03,410
Daenerys Targaryen,S03E04,360
Daenerys Targaryen,S03E05,183
Daenerys Targaryen,S03E07,326
Daenerys Targaryen,S03E08,473
Daenerys Targaryen,S03E09,183
Daenerys Targaryen,S03E10,280
Daenerys Targaryen,S04E01,348
Daenerys Targaryen,S04E03,434
Daenerys Targaryen,S04E04,138
Daenerys Targaryen,S04E05,219
Daenerys Targaryen,S04E06,311
Daenerys Targaryen,S04E07,332
Daenerys Targaryen,S04E08,258
Daenerys Targaryen,S04E10,450
Daenerys Targaryen,S05E01,383
Daenerys Targaryen,S05E02,607
Daenerys Targaryen,S05E04,132
Daenerys Targaryen,S05E05,450
Daenerys Targaryen,S05E07,383
Daenerys Targaryen,S05E08,605
Daenerys Targaryen,S05E09,973
Daenerys Targaryen,S05E10,234
Daenerys Targaryen,S06E01,318
Daenerys Targaryen,S06E03,224
Daenerys Targaryen,S06E04,457
Daenerys Targaryen,S06E05,192
Daenerys Targaryen,S06E06,205
Daenerys Targaryen,S06E08,12
Daenerys Targaryen,S06E09,621
Daenerys Targaryen,S06E10,444
Daenerys Targaryen,S07E01,334
Daenerys Targaryen,S07E02,738
Daenerys Targaryen,S07E03,954
Daenerys Targaryen,S07E04,725
Daenerys Targaryen,S07E05,878
Daenerys Targaryen,S07E06,918
Daenerys Targaryen,S07E07,1226
Daenerys Targaryen,S08E01,835
Daenerys Targaryen,S08E02,1123
Daenerys Targaryen,S08E03,620
Daenerys Targaryen,S08E04,1805
Daenerys Targaryen,S08E05,1059
Daenerys Targaryen,S08E06,1052
Dagmer Cleftjaw,S02E05,194
Dagmer Cleftjaw,S02E06,400
Dagmer Cleftjaw,S02E07,286
Dagmer Cleftjaw,S02E08,75
Dagmer Cleftjaw,S02E10,125
Daisy,S02E01,150
Daisy,S02E03,128
Daisy,S02E04,196
Davos Seaworth,S02E01,432
Davos Seaworth,S02E02,333
Davos Seaworth,S02E04,530
Davos Seaworth,S02E05,163
Davos Seaworth,S02E08,176
Davos Seaworth,S02E09,245
Davos Seaworth,S03E01,462
Davos Seaworth,S03E05,92
Davos Seaworth,S03E08,354
Davos Seaworth,S03E10,728
Davos Seaworth,S04E02,92
Davos Seaworth,S04E03,237
Davos Seaworth,S04E06,474
Davos Seaworth,S04E10,218
Davos Seaworth,S05E01,344
Davos Seaworth,S05E02,141
Davos Seaworth,S05E03,260
Davos Seaworth,S05E05,212
Davos Seaworth,S05E07,126
Davos Seaworth,S05E09,300
Davos Seaworth,S05E10,69
Davos Seaworth,S06E01,413
Davos Seaworth,S06E02,629
Davos Seaworth,S06E03,525
Davos Seaworth,S06E04,99
Davos Seaworth,S06E05,151
Davos Seaworth,S06E07,745
Davos Seaworth,S06E09,1042
Davos Seaworth,S06E10,497
Davos Seaworth,S07E01,300
Davos Seaworth,S07E02,330
Davos Seaworth,S07E03,848
Davos Seaworth,S07E04,450
Davos Seaworth,S07E05,990
Davos Seaworth,S07E06,53
Davos Seaworth,S07E07,1446
Davos Seaworth,S08E01,305
Davos Seaworth,S08E02,1006
Davos Seaworth,S08E03,250
Davos Seaworth,S08E04,699
Davos Seaworth,S08E05,246
Davos Seaworth,S08E06,1173
Denys Mallister,S05E02,302
Derek,S05E07,152
Desmond Crakehall,S03E10,23
Despondent Man,S05E03,116
Dickon Tarly,S06E06,383
Dickon Tarly,S07E02,124
Dickon Tarly,S07E03,19
Dickon Tarly,S07E04,316
Dickon Tarly,S07E05,280
Dim Dalba,S05E08,380
Dim Dalba,S06E07,165
Dirah,S08E01,74
Dongo the Giant,S03E01,53
Dongo the Giant,S04E09,166
Dongo the Giant,S04E10,31
Donnel Hill,S04E09,161
Donnel Waynwood,S04E05,34
Donnel Waynwood,S04E08,39
Dontos Hollard,S02E01,222
Dontos Hollard,S02E09,21
Dontos Hollard,S04E01,92
Dontos Hollard,S04E02,94
Dontos Hollard,S04E03,209
Doran Martell,S05E02,116
Doran Martell,S05E06,33
Doran Martell,S05E09,327
Doran Martell,S05E10,63
Doran Martell,S06E01,135
Doreah,S01E02,402
Doreah,S01E04,374
Doreah,S01E06,496
Doreah,S01E07,255
Doreah,S01E08,379
Doreah,S01E09,465
Doreah,S02E01,185
Doreah,S02E02,171
Doreah,S02E04,65
Doreah,S02E05,148
Doreah,S02E10,97
Dornish Lord,S08E06,751
Dothraki Bloodrider #1,S06E01,220
Dothraki Bloodrider #1,S06E04,266
Dothraki Bloodrider #2,S06E01,220
Dothraki Bloodrider #2,S06E04,266
Dothraki Crone,S01E06,211
Dothraki Man Having Sex,S06E04,26
Dothraki Widow #1,S06E03,135
Dothraki Widow #1,S06E04,71
Dothraki Widow #2,S06E03,135
Dothraki Widow #2,S06E04,71
Dothraki Woman Having Sex,S06E04,26
Drennan,S02E06,41
Drennan,S02E07,60
Drogon,S01E01,336
Drogon,S01E02,289
Drogon,S01E03,49
Drogon,S01E06,223
Drogon,S01E10,371
Drogon,S02E01,185
Drogon,S02E05,120
Drogon,S02E06,20
Drogon,S02E10,251
Drogon,S03E01,50
Drogon,S03E04,171
Drogon,S03E07,233
Drogon,S03E10,45
Drogon,S04E01,70
Drogon,S04E06,64
Drogon,S05E02,63
Drogon,S05E05,26
Drogon,S05E09,182
Drogon,S05E10,117
Drogon,S06E06,122
Drogon,S06E08,12
Drogon,S06E09,150
Drogon,S06E10,111
Drogon,S07E01,50
Drogon,S07E03,36
Drogon,S07E04,359
Drogon,S07E05,466
Drogon,S07E06,325
Drogon,S07E07,72
Drogon,S08E01,246
Drogon,S08E03,495
Drogon,S08E04,272
Drogon,S08E05,417
Drogon,S08E06,519
Drowned Priest,S02E03,81
Dwarf Hunter #1,S05E02,35
Dwarf Hunter #2,S05E02,35
Eddard Stark,S01E01,1604
Eddard Stark,S01E02,878
Eddard Stark,S01E03,1114
Eddard Stark,S01E04,752
Eddard Stark,S01E05,1377
Eddard Stark,S01E06,661
Eddard Stark,S01E07,1208
Eddard Stark,S01E08,192
Eddard Stark,S01E09,571
Eddard Stark,S01E10,206
Eddard Stark,S04E02,34
Eddard Stark,S06E06,7
Eddison Tollett,S02E01,103
Eddison Tollett,S02E02,89
Eddison Tollett,S02E05,326
Eddison Tollett,S02E08,143
Eddison Tollett,S02E10,103
Eddison Tollett,S03E01,58
Eddison Tollett,S03E02,109
Eddison Tollett,S03E03,153
Eddison Tollett,S03E04,305
Eddison Tollett,S04E03,83
Eddison Tollett,S04E04,154
Eddison Tollett,S04E05,221
Eddison Tollett,S04E07,170
Eddison Tollett,S04E08,111
Eddison Tollett,S04E09,328
Eddison Tollett,S04E10,108
Eddison Tollett,S05E01,233
Eddison Tollett,S05E02,233
Eddison Tollett,S05E03,286
Eddison Tollett,S05E04,33
Eddison Tollett,S05E05,141
Eddison Tollett,S05E07,135
Eddison Tollett,S05E08,856
Eddison Tollett,S05E09,158
Eddison Tollett,S06E01,173
Eddison Tollett,S06E02,413
Eddison Tollett,S06E03,381
Eddison Tollett,S06E04,341
Eddison Tollett,S06E05,208
Eddison Tollett,S07E01,87
Eddison Tollett,S08E01,108
Eddison Tollett,S08E02,162
Eddison Tollett,S08E03,81
Eddison Tollett,S08E04,74
Edmure Tully,S03E03,274
Edmure Tully,S03E05,274
Edmure Tully,S03E06,226
Edmure Tully,S03E07,65
Edmure Tully,S03E09,686
Edmure Tully,S06E06,15
Edmure Tully,S06E07,160
Edmure Tully,S06E08,457
Edmure Tully,S08E06,751
Elder Meereen Slave,S04E04,114
Eldrick Sarsfield,S03E10,23
Eleanor,S08E05,242
Eleanor,S08E06,47
Eleanor's Daughter,S08E05,242
Eleanor's Daughter,S08E06,47
Ellaria Sand,S04E01,328
Ellaria Sand,S04E02,156
Ellaria Sand,S04E03,148
Ellaria Sand,S04E08,318
Ellaria Sand,S05E02,138
Ellaria Sand,S05E04,134
Ellaria Sand,S05E06,36
Ellaria Sand,S05E09,348
Ellaria Sand,S05E10,113
Ellaria Sand,S06E01,135
Ellaria Sand,S06E10,97
Ellaria Sand,S07E02,323
Ellaria Sand,S07E03,524
Euron Greyjoy,S06E02,155
Euron Greyjoy,S06E05,366
Euron Greyjoy,S07E01,237
Euron Greyjoy,S07E02,225
Euron Greyjoy,S07E03,238
Euron Greyjoy,S07E07,679
Euron Greyjoy,S08E01,364
Euron Greyjoy,S08E04,589
Euron Greyjoy,S08E05,293
Eyrie Guard,S05E02,369
Faceless Man,S05E02,147
Faith Militant #1,S05E04,160
Faith Militant #2,S05E04,85
Farlen,S02E06,92
Farmer Hamlet,S04E03,280
Farmer Hamlet,S07E01,77
Farmer's Daughter,S04E03,280
Farmer's Daughter,S07E01,77
Fennesz,S04E10,169
Fergus,S08E02,45
Fergus,S08E03,2
First Mate,S04E06,177
Frances,S06E03,85
Frances,S06E10,62
Frey Guard,S03E09,30
Frey Soldier #1,S03E10,130
Frey Soldier #2,S03E10,130
Fruit Vendor,S03E10,20
Gared,S01E01,362
Gatins,S06E07,90
Gatins,S06E08,101
Gendry,S01E04,117
Gendry,S01E10,135
Gendry,S02E01,29
Gendry,S02E02,454
Gendry,S02E03,551
Gendry,S02E04,411
Gendry,S02E05,73
Gendry,S02E08,113
Gendry,S02E10,29
Gendry,S03E02,410
Gendry,S03E03,134
Gendry,S03E04,302
Gendry,S03E05,339
Gendry,S03E06,155
Gendry,S03E07,98
Gendry,S03E08,479
Gendry,S03E10,296
Gendry,S07E05,796
Gendry,S07E06,803
Gendry,S08E01,184
Gendry,S08E02,355
Gendry,S08E03,273
Gendry,S08E04,458
Gendry,S08E06,751
Genna,S03E03,74
Gerard,S02E03,55
Gerold Hightower,S06E03,165
Ghita,S05E06,224
Ghita,S05E10,98
Ghost,S01E01,183
Ghost,S01E02,200
Ghost,S01E04,26
Ghost,S01E07,128
Ghost,S01E08,141
Ghost,S01E10,180
Ghost,S02E02,46
Ghost,S02E05,107
Ghost,S02E06,161
Ghost,S03E01,87
Ghost,S03E03,37
Ghost,S04E04,98
Ghost,S04E05,117
Ghost,S04E07,34
Ghost,S04E09,19
Ghost,S05E01,48
Ghost,S05E07,10
Ghost,S06E01,212
Ghost,S06E02,415
Ghost,S06E03,69
Ghost,S08E02,129
Ghost,S08E03,85
Ghost,S08E04,238
Ghost,S08E06,139
Gilly,S02E01,239
Gilly,S02E02,169
Gilly,S02E03,89
Gilly,S03E03,35
Gilly,S03E04,91
Gilly,S03E06,199
Gilly,S03E08,391
Gilly,S03E09,98
Gilly,S03E10,415
Gilly,S04E03,322
Gilly,S04E08,158
Gilly,S04E09,240
Gilly,S05E01,226
Gilly,S05E02,152
Gilly,S05E05,153
Gilly,S05E07,572
Gilly,S05E08,79
Gilly,S05E10,29
Gilly,S06E03,229
Gilly,S06E06,798
Gilly,S06E10,173
Gilly,S07E01,80
Gilly,S07E05,150
Gilly,S07E07,7
Gilly,S08E02,115
Gilly,S08E03,325
Gilly,S08E04,296
Goatherd,S04E06,168
Goatherd,S04E10,67
Goatherd's Son,S04E06,64
Goldcloak,S02E02,133
Gordy,S05E10,21
Grand Maester Pycelle,S01E03,223
Grand Maester Pycelle,S01E04,289
Grand Maester Pycelle,S01E05,454
Grand Maester Pycelle,S01E06,245
Grand Maester Pycelle,S01E07,392
Grand Maester Pycelle,S01E08,501
Grand Maester Pycelle,S01E09,330
Grand Maester Pycelle,S01E10,204
Grand Maester Pycelle,S02E01,139
Grand Maester Pycelle,S02E02,126
Grand Maester Pycelle,S02E03,207
Grand Maester Pycelle,S02E09,93
Grand Maester Pycelle,S02E10,373
Grand Maester Pycelle,S03E03,244
Grand Maester Pycelle,S03E08,204
Grand Maester Pycelle,S03E10,200
Grand Maester Pycelle,S04E02,526
Grand Maester Pycelle,S04E05,103
Grand Maester Pycelle,S04E06,270
Grand Maester Pycelle,S04E08,274
Grand Maester Pycelle,S04E10,73
Grand Maester Pycelle,S05E01,15
Grand Maester Pycelle,S05E02,178
Grand Maester Pycelle,S05E03,120
Grand Maester Pycelle,S05E04,94
Grand Maester Pycelle,S05E10,70
Grand Maester Pycelle,S06E03,144
Grand Maester Pycelle,S06E04,65
Grand Maester Pycelle,S06E08,163
Grand Maester Pycelle,S06E10,140
Great Master #1,S04E04,46
Great Master #1,S05E05,117
Great Master #2,S05E05,175
Great Master #3,S05E05,175
Great Master #4,S05E05,175
Great Master #5,S05E05,175
Great Master #6,S05E05,175
Great Master #7,S05E05,175
Greatjon Umber,S01E08,333
Greatjon Umber,S01E09,332
Greatjon Umber,S01E10,136
Gregor Clegane,S01E04,249
Gregor Clegane,S01E05,239
Gregor Clegane,S02E04,224
Gregor Clegane,S02E07,79
Gregor Clegane,S02E08,107
Gregor Clegane,S04E07,60
Gregor Clegane,S04E08,295
Gregor Clegane,S04E10,128
Gregor Clegane,S05E03,53
Gregor Clegane,S05E10,32
Gregor Clegane,S06E01,52
Gregor Clegane,S06E02,111
Gregor Clegane,S06E03,230
Gregor Clegane,S06E07,130
Gregor Clegane,S06E08,371
Gregor Clegane,S06E10,213
Gregor Clegane,S07E01,290
Gregor Clegane,S07E02,96
Gregor Clegane,S07E03,433
Gregor Clegane,S07E07,1498
Gregor Clegane,S08E01,194
Gregor Clegane,S08E04,470
Gregor Clegane,S08E05,472
Greizhen mo Ullhor,S03E03,176
Greizhen mo Ullhor,S03E04,215
Grenn,S01E03,339
Grenn,S01E04,376
Grenn,S01E07,330
Grenn,S01E08,138
Grenn,S01E09,83
Grenn,S01E10,123
Grenn,S02E01,103
Grenn,S02E02,89
Grenn,S02E05,347
Grenn,S02E08,143
Grenn,S02E10,103
Grenn,S03E01,58
Grenn,S03E02,109
Grenn,S03E03,153
Grenn,S03E04,305
Grenn,S04E03,83
Grenn,S04E04,304
Grenn,S04E05,250
Grenn,S04E07,170
Grenn,S04E08,111
Grenn,S04E09,369
Grenn,S04E10,100
Grey Wind,S01E01,183
Grey Wind,S01E04,103
Grey Wind,S01E08,104
Grey Wind,S02E01,208
Grey Wind,S02E04,109
Grey Wind,S03E02,66
Grey Wind,S03E09,72
Grey Wind,S03E10,21
Grey Worm,S03E05,103
Grey Worm,S03E07,296
Grey Worm,S03E08,255
Grey Worm,S03E09,253
Grey Worm,S04E01,94
Grey Worm,S04E03,73
Grey Worm,S04E04,286
Grey Worm,S04E05,121
Grey Worm,S04E06,311
Grey Worm,S04E08,407
Grey Worm,S04E10,266
Grey Worm,S05E01,206
Grey Worm,S05E02,544
Grey Worm,S05E04,174
Grey Worm,S05E05,151
Grey Worm,S05E10,220
Grey Worm,S06E02,139
Grey Worm,S06E03,203
Grey Worm,S06E04,424
Grey Worm,S06E05,69
Grey Worm,S06E08,321
Grey Worm,S06E09,261
Grey Worm,S06E10,93
Grey Worm,S07E01,225
Grey Worm,S07E02,973
Grey Worm,S07E03,113
Grey Worm,S07E07,99
Grey Worm,S08E01,220
Grey Worm,S08E02,605
Grey Worm,S08E03,394
Grey Worm,S08E04,1169
Grey Worm,S08E05,614
Grey Worm,S08E06,1270
Guymon,S04E03,26
Hallyne,S02E05,181
Hallyne,S02E09,38
Handmaid,S02E07,70
Handmaid,S03E06,4
Handmaid,S04E01,35
Handmaid,S06E01,12
Handmaid,S06E10,114
Harald Karstark,S06E02,225
Harald Karstark,S06E03,196
Harald Karstark,S06E09,277
Harrag,S07E03,46
Harrag,S07E04,98
Harrag,S07E07,253
Harry Strickland,S08E01,71
Harry Strickland,S08E05,108
Henk,S07E04,137
High Priestess,S06E03,156
High Priestess,S06E04,128
High Septon,S02E06,147
High Septon,S03E08,185
High Septon,S04E02,73
High Septon,S04E03,45
High Septon,S04E05,59
High Septon,S05E01,59
High Septon,S05E03,211
High Septon,S07E07,30
High Sparrow,S05E03,169
High Sparrow,S05E04,118
High Sparrow,S05E06,268
High Sparrow,S05E07,470
High Sparrow,S05E10,330
High Sparrow,S06E01,85
High Sparrow,S06E02,188
High Sparrow,S06E03,228
High Sparrow,S06E04,249
High Sparrow,S06E06,345
High Sparrow,S06E07,169
High Sparrow,S06E10,473
Hizdahr zo Loraq,S04E03,195
Hizdahr zo Loraq,S04E06,187
Hizdahr zo Loraq,S05E01,90
Hizdahr zo Loraq,S05E02,307
Hizdahr zo Loraq,S05E04,38
Hizdahr zo Loraq,S05E05,363
Hizdahr zo Loraq,S05E07,228
Hizdahr zo Loraq,S05E09,660
Hodor,S01E01,337
Hodor,S01E04,157
Hodor,S01E06,11
Hodor,S01E08,136
Hodor,S01E10,31
Hodor,S02E01,84
Hodor,S02E03,51
Hodor,S02E05,209
Hodor,S02E06,379
Hodor,S02E07,61
Hodor,S02E08,56
Hodor,S02E10,200
Hodor,S03E02,187
Hodor,S03E06,181
Hodor,S03E07,238
Hodor,S03E09,393
Hodor,S03E10,414
Hodor,S04E02,147
Hodor,S04E04,148
Hodor,S04E05,373
Hodor,S04E10,513
Hodor,S06E02,98
Hodor,S06E05,427
Hog Farmer,S03E09,105
Hoster Tully,S03E03,131
Hot Pie,S01E10,135
Hot Pie,S02E01,29
Hot Pie,S02E02,88
Hot Pie,S02E03,202
Hot Pie,S02E04,332
Hot Pie,S02E05,73
Hot Pie,S02E08,113
Hot Pie,S02E10,29
Hot Pie,S03E02,410
Hot Pie,S03E03,114
Hot Pie,S04E07,211
Hot Pie,S07E02,156
Howland Reed,S06E03,323
Hugh of the Vale,S01E04,282
Hugh of the Vale,S01E05,37
Iggo,S06E04,138
Illyrio Mopatis,S01E01,564
Illyrio Mopatis,S01E05,90
Ilyn Payne,S01E02,360
Ilyn Payne,S01E09,330
Ilyn Payne,S01E10,211
Ilyn Payne,S02E09,188
Ilyn Payne,S06E06,7
Inn Waitress,S05E02,80
Innkeeper,S04E01,95
Innkeeper's Daughter,S04E01,65
Ironborn #1,S06E05,340
Ironborn #2,S06E05,340
Ironborn #3,S06E05,340
Ironborn Abusing a Volantene Whore,S06E07,44
Ironborn at Brothel,S06E07,44
Ironborn in Skiff,S04E06,11
Irri,S01E02,299
Irri,S01E03,390
Irri,S01E04,81
Irri,S01E06,584
Irri,S01E07,255
Irri,S01E08,379
Irri,S01E09,465
Irri,S01E10,97
Irri,S02E02,171
Irri,S02E05,110
Irri,S02E06,44
Izembaro,S06E05,285
Izembaro,S06E06,285
Jacks,S02E07,112
Jafer Flowers,S01E08,76
Jaime Lannister,S01E01,893
Jaime Lannister,S01E02,235
Jaime Lannister,S01E03,496
Jaime Lannister,S01E04,117
Jaime Lannister,S01E05,193
Jaime Lannister,S01E07,283
Jaime Lannister,S01E09,123
Jaime Lannister,S01E10,183
Jaime Lannister,S02E01,208
Jaime Lannister,S02E07,714
Jaime Lannister,S02E08,143
Jaime Lannister,S02E10,298
Jaime Lannister,S03E02,471
Jaime Lannister,S03E03,437
Jaime Lannister,S03E04,300
Jaime Lannister,S03E05,613
Jaime Lannister,S03E06,138
Jaime Lannister,S03E07,634
Jaime Lannister,S03E10,81
Jaime Lannister,S04E01,561
Jaime Lannister,S04E02,524
Jaime Lannister,S04E03,226
Jaime Lannister,S04E04,713
Jaime Lannister,S04E05,72
Jaime Lannister,S04E06,1148
Jaime Lannister,S04E07,182
Jaime Lannister,S04E08,645
Jaime Lannister,S04E10,198
Jaime Lannister,S05E01,136
Jaime Lannister,S05E02,229
Jaime Lannister,S05E04,558
Jaime Lannister,S05E06,264
Jaime Lannister,S05E07,77
Jaime Lannister,S05E09,373
Jaime Lannister,S05E10,252
Jaime Lannister,S06E01,221
Jaime Lannister,S06E02,284
Jaime Lannister,S06E03,230
Jaime Lannister,S06E04,156
Jaime Lannister,S06E06,499
Jaime Lannister,S06E07,502
Jaime Lannister,S06E08,690
Jaime Lannister,S06E10,366
Jaime Lannister,S07E01,526
Jaime Lannister,S07E02,231
Jaime Lannister,S07E03,646
Jaime Lannister,S07E04,637
Jaime Lannister,S07E05,589
Jaime Lannister,S07E07,1445
Jaime Lannister,S08E01,74
Jaime Lannister,S08E02,1386
Jaime Lannister,S08E03,356
Jaime Lannister,S08E04,1175
Jaime Lannister,S08E05,814
Jaime Lannister,S08E06,130
Janos Slynt,S01E04,144
Janos Slynt,S01E07,223
Janos Slynt,S01E08,369
Janos Slynt,S02E01,287
Janos Slynt,S02E02,272
Janos Slynt,S04E01,176
Janos Slynt,S04E03,171
Janos Slynt,S04E04,262
Janos Slynt,S04E07,152
Janos Slynt,S04E09,179
Janos Slynt,S04E10,100
Janos Slynt,S05E01,189
Janos Slynt,S05E02,302
Janos Slynt,S05E03,286
Jaqen H'ghar,S02E02,85
Jaqen H'ghar,S02E03,119
Jaqen H'ghar,S02E05,230
Jaqen H'ghar,S02E06,29
Jaqen H'ghar,S02E08,122
Jaqen H'ghar,S02E10,173
Jaqen H'ghar,S05E02,67
Jaqen H'ghar,S05E03,252
Jaqen H'ghar,S05E06,323
Jaqen H'ghar,S05E08,156
Jaqen H'ghar,S05E09,54
Jaqen H'ghar,S05E10,133
Jaqen H'ghar,S06E02,65
Jaqen H'ghar,S06E03,133
Jaqen H'ghar,S06E05,180
Jaqen H'ghar,S06E06,43
Jaqen H'ghar,S06E08,128
Jaqen's Disguise,S02E10,24
Jaremy Rykker,S01E07,330
Jeor Mormont,S01E03,219
Jeor Mormont,S01E07,375
Jeor Mormont,S01E08,319
Jeor Mormont,S01E09,135
Jeor Mormont,S01E10,163
Jeor Mormont,S02E01,271
Jeor Mormont,S02E03,151
Jeor Mormont,S02E05,219
Jeor Mormont,S03E01,71
Jeor Mormont,S03E02,109
Jeor Mormont,S03E03,190
Jeor Mormont,S03E04,251
Jhiqui,S01E02,299
Joffrey Baratheon,S01E01,531
Joffrey Baratheon,S01E02,620
Joffrey Baratheon,S01E03,159
Joffrey Baratheon,S01E04,249
Joffrey Baratheon,S01E05,239
Joffrey Baratheon,S01E06,173
Joffrey Baratheon,S01E07,504
Joffrey Baratheon,S01E08,369
Joffrey Baratheon,S01E09,330
Joffrey Baratheon,S01E10,451
Joffrey Baratheon,S02E01,406
Joffrey Baratheon,S02E04,392
Joffrey Baratheon,S02E06,226
Joffrey Baratheon,S02E08,64
Joffrey Baratheon,S02E09,380
Joffrey Baratheon,S02E10,273
Joffrey Baratheon,S03E01,217
Joffrey Baratheon,S03E02,417
Joffrey Baratheon,S03E04,200
Joffrey Baratheon,S03E06,19
Joffrey Baratheon,S03E07,208
Joffrey Baratheon,S03E08,424
Joffrey Baratheon,S03E10,200
Joffrey Baratheon,S04E01,115
Joffrey Baratheon,S04E02,1166
Joffrey Baratheon,S04E03,479
Johnna,S05E08,91
Johnna,S05E09,55
Jojen Reed,S03E02,238
Jojen Reed,S03E04,63
Jojen Reed,S03E06,181
Jojen Reed,S03E07,238
Jojen Reed,S03E09,429
Jojen Reed,S03E10,414
Jojen Reed,S04E02,147
Jojen Reed,S04E04,276
Jojen Reed,S04E05,395
Jojen Reed,S04E10,320
Jon Arryn,S01E01,121
Jon Snow,S01E01,1099
Jon Snow,S01E02,839
Jon Snow,S01E03,616
Jon Snow,S01E04,867
Jon Snow,S01E07,661
Jon Snow,S01E08,444
Jon Snow,S01E09,454
Jon Snow,S01E10,343
Jon Snow,S02E01,374
Jon Snow,S02E02,255
Jon Snow,S02E03,151
Jon Snow,S02E05,326
Jon Snow,S02E06,706
Jon Snow,S02E07,463
Jon Snow,S02E08,159
Jon Snow,S02E10,224
Jon Snow,S03E01,435
Jon Snow,S03E02,160
Jon Snow,S03E03,136
Jon Snow,S03E05,379
Jon Snow,S03E06,645
Jon Snow,S03E07,394
Jon Snow,S03E09,311
Jon Snow,S03E10,160
Jon Snow,S04E01,214
Jon Snow,S04E03,162
Jon Snow,S04E04,520
Jon Snow,S04E05,441
Jon Snow,S04E07,170
Jon Snow,S04E08,111
Jon Snow,S04E09,1257
Jon Snow,S04E10,943
Jon Snow,S05E01,817
Jon Snow,S05E02,484
Jon Snow,S05E03,552
Jon Snow,S05E04,307
Jon Snow,S05E05,610
Jon Snow,S05E07,135
Jon Snow,S05E08,1449
Jon Snow,S05E09,171
Jon Snow,S05E10,541
Jon Snow,S06E01,472
Jon Snow,S06E02,455
Jon Snow,S06E03,617
Jon Snow,S06E04,521
Jon Snow,S06E05,240
Jon Snow,S06E07,745
Jon Snow,S06E09,1788
Jon Snow,S06E10,689
Jon Snow,S07E01,462
Jon Snow,S07E02,496
Jon Snow,S07E03,1193
Jon Snow,S07E04,654
Jon Snow,S07E05,924
Jon Snow,S07E06,2225
Jon Snow,S07E07,1886
Jon Snow,S08E01,1174
Jon Snow,S08E02,904
Jon Snow,S08E03,731
Jon Snow,S08E04,1373
Jon Snow,S08E05,805
Jon Snow,S08E06,2526
Jonos Bracken,S01E10,136
Jorah Mormont,S01E01,336
Jorah Mormont,S01E02,186
Jorah Mormont,S01E03,352
Jorah Mormont,S01E04,192
Jorah Mormont,S01E06,631
Jorah Mormont,S01E07,528
Jorah Mormont,S01E08,379
Jorah Mormont,S01E09,465
Jorah Mormont,S01E10,581
Jorah Mormont,S02E01,185
Jorah Mormont,S02E02,171
Jorah Mormont,S02E04,392
Jorah Mormont,S02E05,335
Jorah Mormont,S02E07,261
Jorah Mormont,S02E08,107
Jorah Mormont,S02E10,243
Jorah Mormont,S03E01,531
Jorah Mormont,S03E03,393
Jorah Mormont,S03E04,353
Jorah Mormont,S03E05,174
Jorah Mormont,S03E07,315
Jorah Mormont,S03E08,255
Jorah Mormont,S03E09,273
Jorah Mormont,S03E10,267
Jorah Mormont,S04E01,147
Jorah Mormont,S04E03,375
Jorah Mormont,S04E04,78
Jorah Mormont,S04E05,219
Jorah Mormont,S04E06,311
Jorah Mormont,S04E07,196
Jorah Mormont,S04E08,308
Jorah Mormont,S05E03,102
Jorah Mormont,S05E04,271
Jorah Mormont,S05E05,466
Jorah Mormont,S05E06,471
Jorah Mormont,S05E07,447
Jorah Mormont,S05E08,362
Jorah Mormont,S05E09,626
Jorah Mormont,S05E10,253
Jorah Mormont,S06E01,171
Jorah Mormont,S06E04,464
Jorah Mormont,S06E05,192
Jorah Mormont,S07E01,66
Jorah Mormont,S07E02,364
Jorah Mormont,S07E03,149
Jorah Mormont,S07E05,683
Jorah Mormont,S07E06,1865
Jorah Mormont,S07E07,1422
Jorah Mormont,S08E01,244
Jorah Mormont,S08E02,729
Jorah Mormont,S08E03,641
Jorah Mormont,S08E04,126
Jory Cassel,S01E01,703
Jory Cassel,S01E02,287
Jory Cassel,S01E03,154
Jory Cassel,S01E04,280
Jory Cassel,S01E05,572
Joss,S01E06,245
Joss,S05E06,99
Joyeuse Erenford,S01E09,96
Joyeuse Erenford,S03E09,597
Karl Tanner,S03E03,190
Karl Tanner,S03E04,160
Karl Tanner,S04E04,381
Karl Tanner,S04E05,276
Karsi,S05E08,795
Karstark Lookout,S03E05,104
Kayla,S03E03,74
Kayla,S04E02,15
Kegs,S04E08,188
Kesh,S06E04,138
Kevan Lannister,S01E08,198
Kevan Lannister,S01E09,108
Kevan Lannister,S01E10,76
Kevan Lannister,S02E08,107
Kevan Lannister,S05E01,41
Kevan Lannister,S05E02,178
Kevan Lannister,S05E10,70
Kevan Lannister,S06E03,129
Kevan Lannister,S06E04,156
Kevan Lannister,S06E06,63
Kevan Lannister,S06E08,163
Kevan Lannister,S06E10,351
Kevin Eldon,S07E05,189
Khal Brozho,S06E04,266
Khal Drogo,S01E01,565
Khal Drogo,S01E02,362
Khal Drogo,S01E03,267
Khal Drogo,S01E04,70
Khal Drogo,S01E06,496
Khal Drogo,S01E07,323
Khal Drogo,S01E08,253
Khal Drogo,S01E09,566
Khal Drogo,S01E10,513
Khal Drogo,S02E10,160
Khal Forzho,S06E04,266
Khal Moro,S06E01,220
Khal Moro,S06E03,11
Khal Moro,S06E04,266
Khal Qorro,S06E04,266
Khal Rhalko,S06E04,266
King Balon Greyjoy Dwarf,S04E02,272
King Joffrey Baratheon Dwarf,S04E02,272
King Renly Baratheon Dwarf,S04E02,272
King Robb Stark Dwarf,S04E02,272
King Stannis Baratheon Dwarf,S04E02,272
King's Landing Baker,S01E09,58
King's Landing Boaster,S06E02,71
King's Landing Drunkard,S05E10,106
King's Landing Flasher #1,S05E10,106
King's Landing Flasher #2,S05E10,106
King's Landing Rioter #1,S02E06,65
King's Landing Rioter #1,S02E07,12
King's Landing Rioter #2,S02E06,65
King's Landing Rioter #2,S02E07,12
King's Landing Rioter #3,S02E06,65
King's Landing Rioter #3,S02E07,12
King's Landing Tailor,S03E02,41
King's Landing Whore,S04E03,148
King's Landing Whore,S05E10,106
Kinvara,S06E05,274
Kitty Frey,S06E06,140
Kitty Frey,S07E01,206
Koner,S07E04,137
Kovarro,S02E01,185
Kovarro,S02E04,65
Kovarro,S02E05,45
Kovarro,S02E06,374
Kovarro,S02E07,163
Kovarro,S02E08,22
Kovarro,S02E10,228
Kraznys mo Nakloz,S03E01,245
Kraznys mo Nakloz,S03E03,176
Kraznys mo Nakloz,S03E04,232
Lady,S01E01,183
Lady,S01E02,149
Lady Crane,S06E05,285
Lady Crane,S06E06,365
Lady Crane,S06E08,416
Lancel Lannister,S01E03,272
Lancel Lannister,S01E05,153
Lancel Lannister,S01E06,113
Lancel Lannister,S01E10,32
Lancel Lannister,S02E04,403
Lancel Lannister,S02E05,98
Lancel Lannister,S02E09,277
Lancel Lannister,S05E01,124
Lancel Lannister,S05E03,46
Lancel Lannister,S05E04,44
Lancel Lannister,S05E06,72
Lancel Lannister,S05E07,40
Lancel Lannister,S06E06,43
Lancel Lannister,S06E08,121
Lancel Lannister,S06E10,470
Lannister Captain,S06E02,56
Lannister Guard,S02E04,236
Lannister Guard,S08E01,4
Lannister Guard #1,S05E09,193
Lannister Guard #2,S05E09,193
Lannister Messenger,S01E08,198
Lannister Scout,S01E08,135
Lannister Soldier,S06E08,51
Laurence Spellman,S07E05,189
Lead Dornish Guard,S05E04,182
Lead Kingsguard,S05E04,75
Leaf,S04E10,176
Leaf,S06E02,80
Leaf,S06E03,70
Leaf,S06E05,399
Leaf,S06E06,10
Lem Lemoncloak,S06E07,90
Lem Lemoncloak,S06E08,162
Leo Lefford,S01E10,76
Lhara,S04E06,145
Lhara,S05E08,31
Lhara,S05E09,42
Little Bird,S01E07,33
Little Bird,S04E08,45
Little Bird #3,S06E03,85
Little Bird #3,S06E10,95
Little Bird #4,S06E03,85
Little Bird #4,S06E10,48
Little Bird #5,S06E03,85
Little Bird #5,S06E10,48
Little Bird #6,S06E03,85
Little Bird #6,S06E10,48
Little Bird #7,S06E03,85
Little Bird #7,S06E10,48
Loboda,S05E08,642
Locke,S03E02,58
Locke,S03E03,454
Locke,S03E04,179
Locke,S03E05,112
Locke,S03E07,230
Locke,S04E02,341
Locke,S04E04,361
Locke,S04E05,287
Lollys Stokeworth,S05E02,122
Lommy Greenhands,S01E10,135
Lommy Greenhands,S02E01,29
Lommy Greenhands,S02E02,88
Lommy Greenhands,S02E03,202
Loras Tyrell,S01E05,476
Loras Tyrell,S02E03,373
Loras Tyrell,S02E04,229
Loras Tyrell,S02E05,149
Loras Tyrell,S02E09,37
Loras Tyrell,S02E10,273
Loras Tyrell,S03E01,152
Loras Tyrell,S03E02,65
Loras Tyrell,S03E05,86
Loras Tyrell,S03E06,94
Loras Tyrell,S03E08,305
Loras Tyrell,S04E02,389
Loras Tyrell,S04E06,747
Loras Tyrell,S05E01,196
Loras Tyrell,S05E03,33
Loras Tyrell,S05E04,33
Loras Tyrell,S05E06,268
Loras Tyrell,S06E04,111
Loras Tyrell,S06E10,338
Lord #1,S08E06,751
Lord #2,S08E06,751
Lord #3,S08E06,751
Lord #4,S08E06,751
Lord Blackmont,S04E01,83
Lord Portan,S02E01,116
Lord Varys,S01E03,346
Lord Varys,S01E04,144
Lord Varys,S01E05,672
Lord Varys,S01E07,361
Lord Varys,S01E08,683
Lord Varys,S01E09,571
Lord Varys,S01E10,172
Lord Varys,S02E01,139
Lord Varys,S02E02,276
Lord Varys,S02E03,152
Lord Varys,S02E08,323
Lord Varys,S02E09,172
Lord Varys,S02E10,532
Lord Varys,S03E03,244
Lord Varys,S03E04,558
Lord Varys,S03E06,144
Lord Varys,S03E08,194
Lord Varys,S03E10,393
Lord Varys,S04E02,481
Lord Varys,S04E05,103
Lord Varys,S04E06,394
Lord Varys,S04E08,272
Lord Varys,S04E10,82
Lord Varys,S05E01,366
Lord Varys,S05E02,146
Lord Varys,S05E03,277
Lord Varys,S05E10,87
Lord Varys,S06E01,213
Lord Varys,S06E02,219
Lord Varys,S06E03,294
Lord Varys,S06E04,218
Lord Varys,S06E05,343
Lord Varys,S06E08,103
Lord Varys,S06E10,34
Lord Varys,S07E01,225
Lord Varys,S07E02,685
Lord Varys,S07E03,276
Lord Varys,S07E04,162
Lord Varys,S07E05,318
Lord Varys,S07E07,1406
Lord Varys,S08E01,355
Lord Varys,S08E02,503
Lord Varys,S08E03,346
Lord Varys,S08E04,1607
Lord Varys,S08E05,436
Lordsport Dockhand,S02E02,79
Lothar Frey,S03E06,123
Lothar Frey,S03E09,499
Lothar Frey,S06E06,125
Lothar Frey,S06E07,160
Lothar Frey,S06E08,68
Lothar Frey,S06E10,115
Loyal Night's Watchman #1,S06E01,374
Loyal Night's Watchman #1,S06E02,82
Loyal Night's Watchman #2,S06E01,374
Loyal Night's Watchman #2,S06E02,82
Lyanna Mormont,S06E07,325
Lyanna Mormont,S06E09,277
Lyanna Mormont,S06E10,279
Lyanna Mormont,S07E01,300
Lyanna Mormont,S07E02,237
Lyanna Mormont,S08E01,231
Lyanna Mormont,S08E02,535
Lyanna Mormont,S08E03,139
Lyanna Mormont,S08E04,79
Lyanna Stark,S06E10,132
Lyanna Stark,S07E07,50
Lysa Arryn,S01E05,119
Lysa Arryn,S01E06,602
Lysa Arryn,S01E08,114
Lysa Arryn,S04E05,474
Lysa Arryn,S04E07,243
Mace Tyrell,S04E02,821
Mace Tyrell,S04E05,112
Mace Tyrell,S04E06,1130
Mace Tyrell,S04E08,300
Mace Tyrell,S05E01,33
Mace Tyrell,S05E02,178
Mace Tyrell,S05E03,120
Mace Tyrell,S05E04,88
Mace Tyrell,S05E09,141
Mace Tyrell,S06E03,129
Mace Tyrell,S06E06,307
Mace Tyrell,S06E08,163
Mace Tyrell,S06E10,351
Maester Aemon,S01E03,123
Maester Aemon,S01E07,330
Maester Aemon,S01E09,220
Maester Aemon,S03E10,167
Maester Aemon,S04E01,176
Maester Aemon,S04E03,79
Maester Aemon,S04E09,220
Maester Aemon,S04E10,100
Maester Aemon,S05E02,302
Maester Aemon,S05E05,138
Maester Aemon,S05E07,226
Maester Caleotte,S06E01,40
Maester Cressen,S02E01,432
Maester Luwin,S01E01,544
Maester Luwin,S01E02,301
Maester Luwin,S01E04,103
Maester Luwin,S01E05,155
Maester Luwin,S01E07,222
Maester Luwin,S01E08,73
Maester Luwin,S01E10,27
Maester Luwin,S02E01,116
Maester Luwin,S02E03,170
Maester Luwin,S02E05,97
Maester Luwin,S02E06,347
Maester Luwin,S02E07,226
Maester Luwin,S02E08,86
Maester Luwin,S02E10,449
Maester Sandhu,S07E05,181
Maester Wolkan,S06E01,76
Maester Wolkan,S06E02,133
Maester Wolkan,S07E01,12
Maester Wolkan,S07E02,27
Maester Wolkan,S07E03,62
Maester Wolkan,S07E05,60
Maester Wolkan,S07E06,27
Maester Wolkan,S07E07,340
Maester Wolkan,S08E01,47
Maester Wolkan,S08E02,70
Maester Wolkan,S08E04,14
Mag the Mighty,S04E09,274
Mag the Mighty Wight,S07E01,106
Maggy,S05E01,153
Mago,S01E08,379
Malko,S05E06,186
Malko,S05E07,142
Mallister Supporter,S05E02,233
Man of the Nightswatch,S03E01,25
Mance Rayder,S03E01,288
Mance Rayder,S03E02,143
Mance Rayder,S03E03,136
Mance Rayder,S04E10,578
Mance Rayder,S05E01,550
Mandon Moore,S02E08,57
Mandon Moore,S02E09,211
Manservant,S04E06,187
Marei,S03E03,74
Marei,S04E01,165
Marei,S04E03,148
Marei,S06E10,22
Marei,S08E01,74
Margaery Tyrell,S02E03,441
Margaery Tyrell,S02E04,113
Margaery Tyrell,S02E05,149
Margaery Tyrell,S02E10,273
Margaery Tyrell,S03E01,296
Margaery Tyrell,S03E02,588
Margaery Tyrell,S03E04,368
Margaery Tyrell,S03E05,46
Margaery Tyrell,S03E07,189
Margaery Tyrell,S03E08,474
Margaery Tyrell,S04E01,126
Margaery Tyrell,S04E02,914
Margaery Tyrell,S04E03,99
Margaery Tyrell,S04E04,322
Margaery Tyrell,S04E05,285
Margaery Tyrell,S04E06,747
Margaery Tyrell,S05E01,201
Margaery Tyrell,S05E03,323
Margaery Tyrell,S05E04,117
Margaery Tyrell,S05E06,301
Margaery Tyrell,S05E07,149
Margaery Tyrell,S06E01,124
Margaery Tyrell,S06E04,396
Margaery Tyrell,S06E06,456
Margaery Tyrell,S06E07,306
Margaery Tyrell,S06E10,495
Margaery Tyrell Mummer,S06E05,56
Margaery Tyrell Mummer,S06E06,255
Margaery's Handmaiden,S03E01,122
Marillion,S01E04,184
Marillion,S01E05,198
Marillion,S01E10,165
Martha,S08E05,53
Martyn Lannister,S03E03,47
Martyn Lannister,S03E05,29
Master Torturer,S03E02,125
Master Torturer,S03E03,217
Matthos Seaworth,S02E01,373
Matthos Seaworth,S02E02,333
Matthos Seaworth,S02E08,25
Matthos Seaworth,S02E09,198
Meera Reed,S03E02,171
Meera Reed,S03E06,181
Meera Reed,S03E07,238
Meera Reed,S03E09,406
Meera Reed,S03E10,414
Meera Reed,S04E02,147
Meera Reed,S04E04,276
Meera Reed,S04E05,369
Meera Reed,S04E10,513
Meera Reed,S06E02,115
Meera Reed,S06E05,458
Meera Reed,S06E06,346
Meera Reed,S06E10,132
Meera Reed,S07E01,89
Meera Reed,S07E03,34
Meera Reed,S07E04,126
Meereenese Homeless Mother,S06E01,38
Melara Hetherspoon,S05E01,250
Melessa Tarly,S06E06,475
Melisandre,S02E01,373
Melisandre,S02E02,234
Melisandre,S02E04,417
Melisandre,S02E10,214
Melisandre,S03E01,162
Melisandre,S03E03,114
Melisandre,S03E06,422
Melisandre,S03E07,98
Melisandre,S03E08,519
Melisandre,S03E10,322
Melisandre,S04E02,256
Melisandre,S04E07,237
Melisandre,S04E10,62
Melisandre,S05E01,431
Melisandre,S05E04,252
Melisandre,S05E05,50
Melisandre,S05E07,212
Melisandre,S05E09,242
Melisandre,S05E10,145
Melisandre,S06E01,224
Melisandre,S06E02,435
Melisandre,S06E03,266
Melisandre,S06E04,99
Melisandre,S06E05,207
Melisandre,S06E06,7
Melisandre,S06E09,145
Melisandre,S06E10,269
Melisandre,S07E02,195
Melisandre,S07E03,111
Melisandre,S08E03,503
Merchant Captain,S05E04,109
Mero,S03E08,314
Merry Frey,S03E09,307
Meryn Trant,S01E08,523
Meryn Trant,S01E10,325
Meryn Trant,S02E01,261
Meryn Trant,S02E04,172
Meryn Trant,S02E06,226
Meryn Trant,S03E01,75
Meryn Trant,S04E01,115
Meryn Trant,S04E02,155
Meryn Trant,S04E03,12
Meryn Trant,S04E06,48
Meryn Trant,S05E01,59
Meryn Trant,S05E02,35
Meryn Trant,S05E03,185
Meryn Trant,S05E04,27
Meryn Trant,S05E09,376
Meryn Trant,S05E10,195
Mhaegen,S01E05,56
Mhaegen,S02E01,125
Mirelle,S03E01,62
Mirri Maz Duur,S01E08,379
Mirri Maz Duur,S01E09,465
Mirri Maz Duur,S01E10,557
Missandei,S03E01,245
Missandei,S03E03,241
Missandei,S03E04,322
Missandei,S03E05,103
Missandei,S03E07,225
Missandei,S03E08,407
Missandei,S03E09,70
Missandei,S03E10,267
Missandei,S04E01,202
Missandei,S04E03,417
Missandei,S04E04,151
Missandei,S04E05,121
Missandei,S04E06,311
Missandei,S04E08,474
Missandei,S04E10,266
Missandei,S05E01,206
Missandei,S05E02,426
Missandei,S05E04,38
Missandei,S05E05,224
Missandei,S05E08,290
Missandei,S05E09,944
Missandei,S05E10,220
Missandei,S06E02,139
Missandei,S06E03,203
Missandei,S06E04,424
Missandei,S06E05,69
Missandei,S06E08,333
Missandei,S06E09,261
Missandei,S06E10,20
Missandei,S07E01,225
Missandei,S07E02,965
Missandei,S07E03,963
Missandei,S07E04,465
Missandei,S07E07,1422
Missandei,S08E01,80
Missandei,S08E02,577
Missandei,S08E03,325
Missandei,S08E04,1056
Mole's Town Madam,S04E03,67
Mole's Town Whore,S04E03,67
Mole's Town Whore,S04E08,188
Morag,S04E04,86
Morag,S04E05,117
Mord,S01E05,41
Mord,S01E06,452
Morgan,S04E01,114
Morgan,S06E07,90
Morgan,S06E08,79
Morgan's Friend,S04E01,114
Moro's Wife #1,S06E01,220
Moro's Wife #2,S06E01,220
Mossador,S04E04,114
Mossador,S05E01,59
Mossador,S05E02,322
Mully,S04E08,188
Mummer #2,S06E05,229
Mummer #2,S06E06,165
Mummer #3,S06E05,229
Mummer #3,S06E06,165
Mummer #4,S06E05,229
Mummer #4,S06E06,165
Musician #1,S04E02,23
Musician #1,S06E05,229
Musician #1,S06E06,165
Musician #2,S04E02,23
Musician #2,S06E05,229
Musician #2,S06E06,165
Musician #3,S04E02,23
Musician #3,S06E05,229
Musician #3,S06E06,165
Musician #4,S06E05,229
Musician #4,S06E06,165
Musician #5,S06E05,229
Musician #5,S06E06,165
Mycah,S01E02,194
Myranda,S03E07,323
Myranda,S04E02,141
Myranda,S04E06,32
Myranda,S05E03,62
Myranda,S05E05,257
Myranda,S05E06,289
Myranda,S05E10,90
Myranda,S06E01,76
Myrcella Baratheon,S01E01,337
Myrcella Baratheon,S01E02,133
Myrcella Baratheon,S01E04,249
Myrcella Baratheon,S01E05,239
Myrcella Baratheon,S02E01,222
Myrcella Baratheon,S02E03,88
Myrcella Baratheon,S02E05,4
Myrcella Baratheon,S02E06,57
Myrcella Baratheon,S05E02,33
Myrcella Baratheon,S05E06,246
Myrcella Baratheon,S05E07,77
Myrcella Baratheon,S05E09,267
Myrcella Baratheon,S05E10,252
Myrcella Baratheon,S06E02,284
Ned Umber,S07E01,83
Ned Umber,S07E02,237
Ned Umber,S08E01,193
Newborn Bolton,S06E02,172
Night's Watchman,S04E03,22
Night's Watchman,S06E04,17
Night's Watchman #1,S06E01,117
Night's Watchman #2,S06E01,117
Night's Watchman #2,S06E05,24
Northern Guard,S08E05,36
Northern Lord,S02E01,116
Northman Rioter,S06E07,23
Nymeria,S01E01,183
Nymeria,S01E02,351
Nymeria,S07E02,77
Nymeria Sand,S05E04,134
Nymeria Sand,S05E06,170
Nymeria Sand,S05E07,224
Nymeria Sand,S05E09,146
Nymeria Sand,S05E10,113
Nymeria Sand,S06E01,70
Nymeria Sand,S06E10,97
Nymeria Sand,S07E02,98
Obara Sand,S05E04,134
Obara Sand,S05E06,170
Obara Sand,S05E07,224
Obara Sand,S05E09,146
Obara Sand,S05E10,113
Obara Sand,S06E01,70
Obara Sand,S06E10,97
Obara Sand,S07E02,83
Oberyn Martell,S04E01,454
Oberyn Martell,S04E02,428
Oberyn Martell,S04E03,376
Oberyn Martell,S04E05,200
Oberyn Martell,S04E06,1275
Oberyn Martell,S04E07,300
Oberyn Martell,S04E08,318
Old Man,S03E09,142
Old Man,S04E07,186
Old Nan,S01E03,182
Old Nan,S01E04,54
Old Woman,S05E03,30
Old Woman,S05E05,35
Old Woman,S05E07,71
Old Woman Prisoner,S02E04,82
Olenna Tyrell,S03E02,276
Olenna Tyrell,S03E04,403
Olenna Tyrell,S03E05,143
Olenna Tyrell,S03E06,225
Olenna Tyrell,S03E08,253
Olenna Tyrell,S04E01,90
Olenna Tyrell,S04E02,849
Olenna Tyrell,S04E03,99
Olenna Tyrell,S04E04,144
Olenna Tyrell,S05E06,455
Olenna Tyrell,S05E07,324
Olenna Tyrell,S06E03,129
Olenna Tyrell,S06E04,156
Olenna Tyrell,S06E06,222
Olenna Tyrell,S06E07,282
Olenna Tyrell,S06E10,97
Olenna Tyrell,S07E02,254
Olenna Tyrell,S07E03,354
Olly,S04E03,194
Olly,S04E04,287
Olly,S04E07,34
Olly,S04E09,193
Olly,S04E10,100
Olly,S05E01,137
Olly,S05E02,302
Olly,S05E03,546
Olly,S05E04,36
Olly,S05E05,230
Olly,S05E07,135
Olly,S05E08,134
Olly,S05E09,30
Olly,S05E10,149
Olly,S06E01,117
Olly,S06E02,179
Olly,S06E03,185
Olly's Mother,S04E03,14
Olyvar,S03E05,102
Olyvar,S04E01,317
Olyvar,S04E03,148
Olyvar,S05E01,111
Olyvar,S05E03,67
Olyvar,S05E04,40
Olyvar,S05E06,122
Orell,S03E02,77
Orell,S03E03,136
Orell,S03E05,132
Orell,S03E06,280
Orell,S03E07,132
Orell,S03E09,293
Ornela,S06E03,135
Ornela,S06E04,202
Orphan Kid,S03E01,77
Osha,S01E06,207
Osha,S01E07,222
Osha,S01E08,136
Osha,S01E10,134
Osha,S02E01,84
Osha,S02E05,153
Osha,S02E06,561
Osha,S02E07,61
Osha,S02E08,66
Osha,S02E10,239
Osha,S03E02,273
Osha,S03E06,181
Osha,S03E07,238
Osha,S03E09,415
Osha,S06E03,76
Osha,S06E04,202
Othell Yarwyck,S01E07,458
Othell Yarwyck,S01E08,76
Othell Yarwyck,S04E01,176
Othell Yarwyck,S04E03,79
Othell Yarwyck,S04E07,118
Othell Yarwyck,S05E02,302
Othell Yarwyck,S05E05,91
Othell Yarwyck,S05E07,135
Othell Yarwyck,S05E09,65
Othell Yarwyck,S05E10,115
Othell Yarwyck,S06E01,219
Othell Yarwyck,S06E02,82
Othell Yarwyck,S06E03,185
Othor,S01E08,162
Oznak zo Pahl,S04E03,224
Petyr Baelish,S01E03,467
Petyr Baelish,S01E04,501
Petyr Baelish,S01E05,966
Petyr Baelish,S01E06,245
Petyr Baelish,S01E07,778
Petyr Baelish,S01E08,501
Petyr Baelish,S01E09,330
Petyr Baelish,S01E10,126
Petyr Baelish,S02E01,304
Petyr Baelish,S02E02,390
Petyr Baelish,S02E03,191
Petyr Baelish,S02E04,449
Petyr Baelish,S02E05,166
Petyr Baelish,S02E06,178
Petyr Baelish,S02E10,348
Petyr Baelish,S03E01,158
Petyr Baelish,S03E03,371
Petyr Baelish,S03E05,169
Petyr Baelish,S03E06,144
Petyr Baelish,S04E03,136
Petyr Baelish,S04E04,182
Petyr Baelish,S04E05,402
Petyr Baelish,S04E07,219
Petyr Baelish,S04E08,644
Petyr Baelish,S05E01,120
Petyr Baelish,S05E02,259
Petyr Baelish,S05E03,427
Petyr Baelish,S05E04,270
Petyr Baelish,S05E06,306
Petyr Baelish,S05E07,139
Petyr Baelish,S06E04,194
Petyr Baelish,S06E05,254
Petyr Baelish,S06E09,51
Petyr Baelish,S06E10,443
Petyr Baelish,S07E01,393
Petyr Baelish,S07E02,357
Petyr Baelish,S07E03,157
Petyr Baelish,S07E04,292
Petyr Baelish,S07E05,146
Petyr Baelish,S07E06,117
Petyr Baelish,S07E07,549
Pit Announcer,S05E09,137
Podrick Payne,S02E02,15
Podrick Payne,S02E08,73
Podrick Payne,S02E09,487
Podrick Payne,S02E10,163
Podrick Payne,S03E01,127
Podrick Payne,S03E03,244
Podrick Payne,S03E05,42
Podrick Payne,S03E08,61
Podrick Payne,S03E10,37
Podrick Payne,S04E01,176
Podrick Payne,S04E02,567
Podrick Payne,S04E03,314
Podrick Payne,S04E04,131
Podrick Payne,S04E05,249
Podrick Payne,S04E07,315
Podrick Payne,S04E10,304
Podrick Payne,S05E01,92
Podrick Payne,S05E02,279
Podrick Payne,S05E03,339
Podrick Payne,S05E05,136
Podrick Payne,S05E10,66
Podrick Payne,S06E01,200
Podrick Payne,S06E02,136
Podrick Payne,S06E04,306
Podrick Payne,S06E05,21
Podrick Payne,S06E08,388
Podrick Payne,S07E01,341
Podrick Payne,S07E04,243
Podrick Payne,S07E07,216
Podrick Payne,S08E01,91
Podrick Payne,S08E02,494
Podrick Payne,S08E03,265
Podrick Payne,S08E04,518
Podrick Payne,S08E06,34
Polliver,S02E03,211
Polliver,S02E04,21
Polliver,S04E01,479
Prendahl na Ghezn,S03E08,314
Protestor,S02E05,57
Pyat Pree,S02E04,327
Pyat Pree,S02E05,81
Pyat Pree,S02E07,163
Pyat Pree,S02E10,136
Pypar,S01E03,339
Pypar,S01E04,376
Pypar,S01E07,436
Pypar,S01E08,138
Pypar,S01E09,83
Pypar,S01E10,123
Pypar,S03E10,41
Pypar,S04E03,149
Pypar,S04E04,154
Pypar,S04E07,118
Pypar,S04E08,111
Pypar,S04E09,369
Pypar,S04E10,38
Qartheen Woman,S02E05,28
Qhono,S06E01,318
Qhono,S06E03,89
Qhono,S06E04,33
Qhono,S07E03,848
Qhono,S07E04,89
Qhono,S07E05,464
Qhono,S07E07,1327
Qhono,S08E01,214
Qhono,S08E02,187
Qhono,S08E03,4
Qhorin Halfhand,S02E05,166
Qhorin Halfhand,S02E06,359
Qhorin Halfhand,S02E08,148
Qhorin Halfhand,S02E10,184
Qotho,S01E01,462
Qotho,S01E06,285
Qotho,S01E07,21
Qotho,S01E08,253
Qotho,S01E09,566
Quaithe,S02E05,47
Quaithe,S02E07,86
Quent,S02E06,36
Qyburn,S03E01,105
Qyburn,S03E05,99
Qyburn,S03E07,455
Qyburn,S03E10,36
Qyburn,S04E01,65
Qyburn,S04E10,128
Qyburn,S05E02,213
Qyburn,S05E03,151
Qyburn,S05E04,94
Qyburn,S05E08,167
Qyburn,S05E10,70
Qyburn,S06E03,164
Qyburn,S06E08,352
Qyburn,S06E10,285
Qyburn,S07E01,237
Qyburn,S07E02,205
Qyburn,S07E03,433
Qyburn,S07E05,27
Qyburn,S07E07,939
Qyburn,S08E01,318
Qyburn,S08E04,467
Qyburn,S08E05,233
Rakharo,S01E03,352
Rakharo,S01E07,474
Rakharo,S01E08,379
Rakharo,S01E09,566
Rakharo,S01E10,468
Rakharo,S02E01,238
Rakharo,S02E02,171
Ralf Kenning,S04E08,139
Ramsay Snow,S03E02,40
Ramsay Snow,S03E03,135
Ramsay Snow,S03E04,261
Ramsay Snow,S03E06,332
Ramsay Snow,S03E07,92
Ramsay Snow,S03E10,218
Ramsay Snow,S04E02,494
Ramsay Snow,S04E06,331
Ramsay Snow,S04E08,289
Ramsay Snow,S05E03,219
Ramsay Snow,S05E05,732
Ramsay Snow,S05E06,345
Ramsay Snow,S05E07,238
Ramsay Snow,S05E08,66
Ramsay Snow,S05E10,45
Ramsay Snow,S06E01,161
Ramsay Snow,S06E02,397
Ramsay Snow,S06E03,196
Ramsay Snow,S06E04,202
Ramsay Snow,S06E09,1465
Randyll Tarly,S06E06,383
Randyll Tarly,S07E02,226
Randyll Tarly,S07E03,19
Randyll Tarly,S07E04,249
Randyll Tarly,S07E05,280
Rast,S01E02,200
Rast,S01E03,339
Rast,S01E04,376
Rast,S01E07,330
Rast,S01E08,70
Rast,S01E09,83
Rast,S03E01,58
Rast,S03E02,160
Rast,S03E04,355
Rast,S04E04,545
Rast,S04E05,66
Rattleshirt,S02E08,114
Rattleshirt,S02E10,184
Rattleshirt,S03E01,211
Rattleshirt,S05E08,94
Razdal mo Eraz,S03E07,252
Razdal mo Eraz,S06E04,170
Razdal mo Eraz,S06E09,219
Red Keep Stableboy,S01E08,37
Red Priestess,S05E03,82
Red Priestess,S06E08,37
Reginald Lannister,S02E05,190
Renly Baratheon,S01E03,174
Renly Baratheon,S01E04,393
Renly Baratheon,S01E05,904
Renly Baratheon,S01E06,113
Renly Baratheon,S01E07,533
Renly Baratheon,S02E03,621
Renly Baratheon,S02E04,301
Renly Baratheon,S02E05,352
Rennick,S02E04,173
Rhaegal,S01E01,336
Rhaegal,S01E02,289
Rhaegal,S01E03,49
Rhaegal,S01E06,223
Rhaegal,S01E10,371
Rhaegal,S02E05,82
Rhaegal,S02E06,20
Rhaegal,S02E10,251
Rhaegal,S03E01,25
Rhaegal,S03E04,18
Rhaegal,S03E07,222
Rhaegal,S03E10,42
Rhaegal,S04E01,70
Rhaegal,S04E10,172
Rhaegal,S05E01,96
Rhaegal,S05E05,95
Rhaegal,S06E02,152
Rhaegal,S06E09,98
Rhaegal,S06E10,111
Rhaegal,S07E01,50
Rhaegal,S07E03,73
Rhaegal,S07E04,12
Rhaegal,S07E05,27
Rhaegal,S07E06,312
Rhaegal,S07E07,72
Rhaegal,S08E01,262
Rhaegal,S08E03,316
Rhaegal,S08E04,96
Rhaegar Targaryen,S07E07,30
Rhaego,S01E06,211
Rhaego,S01E10,113
Rhaego,S02E10,160
Rickard Karstark,S01E10,136
Rickard Karstark,S02E07,136
Rickard Karstark,S02E08,101
Rickard Karstark,S03E01,128
Rickard Karstark,S03E02,66
Rickard Karstark,S03E05,218
Rickard Stark,S06E05,15
Rickon Stark,S01E01,528
Rickon Stark,S01E08,122
Rickon Stark,S01E10,76
Rickon Stark,S02E05,97
Rickon Stark,S02E06,327
Rickon Stark,S02E07,61
Rickon Stark,S02E08,56
Rickon Stark,S02E10,200
Rickon Stark,S03E02,127
Rickon Stark,S03E06,181
Rickon Stark,S03E07,238
Rickon Stark,S03E09,415
Rickon Stark,S06E03,76
Rickon Stark,S06E09,266
Riddell,S06E08,79
Riverlands Traveller,S03E02,119
Robb Stark,S01E01,859
Robb Stark,S01E02,346
Robb Stark,S01E03,182
Robb Stark,S01E04,103
Robb Stark,S01E06,273
Robb Stark,S01E08,651
Robb Stark,S01E09,363
Robb Stark,S01E10,256
Robb Stark,S02E01,539
Robb Stark,S02E04,215
Robb Stark,S02E06,294
Robb Stark,S02E07,164
Robb Stark,S02E08,675
Robb Stark,S02E10,155
Robb Stark,S03E01,170
Robb Stark,S03E02,205
Robb Stark,S03E03,274
Robb Stark,S03E05,403
Robb Stark,S03E06,226
Robb Stark,S03E07,308
Robb Stark,S03E09,1029
Robb Stark,S03E10,21
Robb Stark,S06E06,10
Robert Baratheon,S01E01,771
Robert Baratheon,S01E02,448
Robert Baratheon,S01E03,272
Robert Baratheon,S01E04,249
Robert Baratheon,S01E05,986
Robert Baratheon,S01E06,382
Robert Baratheon,S01E07,315
Robett Glover,S06E07,149
Robett Glover,S06E10,279
Robett Glover,S07E01,300
Robett Glover,S07E02,237
Robett Glover,S07E05,70
Robett Glover,S08E01,91
Robin Arryn,S01E05,119
Robin Arryn,S01E06,602
Robin Arryn,S01E08,114
Robin Arryn,S04E05,154
Robin Arryn,S04E07,126
Robin Arryn,S04E08,67
Robin Arryn,S05E01,74
Robin Arryn,S06E04,213
Robin Arryn,S08E06,751
Rodrik Cassel,S01E01,1111
Rodrik Cassel,S01E02,109
Rodrik Cassel,S01E03,271
Rodrik Cassel,S01E04,184
Rodrik Cassel,S01E05,268
Rodrik Cassel,S01E06,602
Rodrik Cassel,S01E08,254
Rodrik Cassel,S01E09,384
Rodrik Cassel,S01E10,136
Rodrik Cassel,S02E01,92
Rodrik Cassel,S02E05,41
Rodrik Cassel,S02E06,216
Roose Bolton,S02E04,95
Roose Bolton,S02E06,115
Roose Bolton,S02E07,85
Roose Bolton,S02E08,69
Roose Bolton,S03E01,163
Roose Bolton,S03E02,23
Roose Bolton,S03E05,112
Roose Bolton,S03E06,138
Roose Bolton,S03E07,48
Roose Bolton,S03E09,471
Roose Bolton,S03E10,158
Roose Bolton,S04E02,353
Roose Bolton,S04E08,179
Roose Bolton,S05E03,325
Roose Bolton,S05E05,461
Roose Bolton,S05E06,115
Roose Bolton,S05E08,66
Roose Bolton,S06E01,85
Roose Bolton,S06E02,225
Rorge,S02E02,85
Rorge,S02E08,42
Rorge,S04E07,55
Ros,S01E01,130
Ros,S01E05,104
Ros,S01E06,93
Ros,S01E07,304
Ros,S01E10,185
Ros,S02E01,150
Ros,S02E02,209
Ros,S02E04,196
Ros,S02E08,57
Ros,S02E10,147
Ros,S03E01,104
Ros,S03E03,42
Ros,S03E04,109
Ros,S03E06,19
Roslin Frey,S03E09,379
Royal Steward,S01E03,55
Royal Steward,S01E05,18
Royal Steward,S01E07,243
Royal Steward,S01E08,369
Ryger Rivers,S01E09,96
Sailor,S05E09,22
Salladhor Saan,S02E02,192
Salladhor Saan,S03E01,173
Salladhor Saan,S04E06,145
Samwell Tarly,S01E04,780
Samwell Tarly,S01E07,661
Samwell Tarly,S01E08,214
Samwell Tarly,S01E09,83
Samwell Tarly,S01E10,180
Samwell Tarly,S02E01,103
Samwell Tarly,S02E02,258
Samwell Tarly,S02E03,203
Samwell Tarly,S02E05,326
Samwell Tarly,S02E08,143
Samwell Tarly,S02E10,192
Samwell Tarly,S03E01,180
Samwell Tarly,S03E02,160
Samwell Tarly,S03E03,208
Samwell Tarly,S03E04,348
Samwell Tarly,S03E06,199
Samwell Tarly,S03E08,425
Samwell Tarly,S03E09,98
Samwell Tarly,S03E10,456
Samwell Tarly,S04E01,88
Samwell Tarly,S04E03,365
Samwell Tarly,S04E04,89
Samwell Tarly,S04E07,170
Samwell Tarly,S04E08,111
Samwell Tarly,S04E09,1388
Samwell Tarly,S04E10,62
Samwell Tarly,S05E01,348
Samwell Tarly,S05E02,495
Samwell Tarly,S05E03,286
Samwell Tarly,S05E04,93
Samwell Tarly,S05E05,414
Samwell Tarly,S05E07,598
Samwell Tarly,S05E08,182
Samwell Tarly,S05E09,74
Samwell Tarly,S05E10,252
Samwell Tarly,S06E03,229
Samwell Tarly,S06E06,792
Samwell Tarly,S06E10,247
Samwell Tarly,S07E01,559
Samwell Tarly,S07E02,420
Samwell Tarly,S07E03,255
Samwell Tarly,S07E05,365
Samwell Tarly,S07E07,148
Samwell Tarly,S08E01,427
Samwell Tarly,S08E02,528
Samwell Tarly,S08E03,376
Samwell Tarly,S08E04,539
Samwell Tarly,S08E06,1001
Sandor Clegane,S01E01,415
Sandor Clegane,S01E02,239
Sandor Clegane,S01E04,249
Sandor Clegane,S01E05,239
Sandor Clegane,S01E07,209
Sandor Clegane,S01E08,390
Sandor Clegane,S01E09,330
Sandor Clegane,S01E10,371
Sandor Clegane,S02E01,261
Sandor Clegane,S02E04,196
Sandor Clegane,S02E06,245
Sandor Clegane,S02E07,70
Sandor Clegane,S02E09,673
Sandor Clegane,S03E02,52
Sandor Clegane,S03E03,25
Sandor Clegane,S03E04,263
Sandor Clegane,S03E05,251
Sandor Clegane,S03E07,13
Sandor Clegane,S03E08,167
Sandor Clegane,S03E09,331
Sandor Clegane,S03E10,181
Sandor Clegane,S04E01,560
Sandor Clegane,S04E03,381
Sandor Clegane,S04E05,221
Sandor Clegane,S04E07,486
Sandor Clegane,S04E08,128
Sandor Clegane,S04E10,552
Sandor Clegane,S06E07,583
Sandor Clegane,S06E08,323
Sandor Clegane,S07E01,555
Sandor Clegane,S07E05,203
Sandor Clegane,S07E06,1799
Sandor Clegane,S07E07,1100
Sandor Clegane,S08E01,80
Sandor Clegane,S08E02,162
Sandor Clegane,S08E03,529
Sandor Clegane,S08E04,564
Sandor Clegane,S08E05,492
Sansa Stark,S01E01,773
Sansa Stark,S01E02,523
Sansa Stark,S01E03,136
Sansa Stark,S01E04,352
Sansa Stark,S01E05,239
Sansa Stark,S01E06,320
Sansa Stark,S01E08,564
Sansa Stark,S01E09,330
Sansa Stark,S01E10,371
Sansa Stark,S02E01,261
Sansa Stark,S02E03,221
Sansa Stark,S02E04,172
Sansa Stark,S02E06,288
Sansa Stark,S02E07,305
Sansa Stark,S02E09,860
Sansa Stark,S02E10,348
Sansa Stark,S03E01,221
Sansa Stark,S03E02,412
Sansa Stark,S03E04,168
Sansa Stark,S03E05,147
Sansa Stark,S03E06,220
Sansa Stark,S03E07,189
Sansa Stark,S03E08,866
Sansa Stark,S03E10,146
Sansa Stark,S04E01,314
Sansa Stark,S04E02,1030
Sansa Stark,S04E03,233
Sansa Stark,S04E04,182
Sansa Stark,S04E05,494
Sansa Stark,S04E07,498
Sansa Stark,S04E08,379
Sansa Stark,S05E01,120
Sansa Stark,S05E02,259
Sansa Stark,S05E03,302
Sansa Stark,S05E04,316
Sansa Stark,S05E05,544
Sansa Stark,S05E06,652
Sansa Stark,S05E07,355
Sansa Stark,S05E08,170
Sansa Stark,S05E10,201
Sansa Stark,S06E01,404
Sansa Stark,S06E02,176
Sansa Stark,S06E04,486
Sansa Stark,S06E05,565
Sansa Stark,S06E07,786
Sansa Stark,S06E09,847
Sansa Stark,S06E10,584
Sansa Stark,S07E01,555
Sansa Stark,S07E02,351
Sansa Stark,S07E03,321
Sansa Stark,S07E04,530
Sansa Stark,S07E05,178
Sansa Stark,S07E06,809
Sansa Stark,S07E07,692
Sansa Stark,S08E01,527
Sansa Stark,S08E02,784
Sansa Stark,S08E03,490
Sansa Stark,S08E04,1141
Sansa Stark,S08E06,998
Second Son,S05E04,49
Sellsword #1,S05E03,100
Sellsword #2,S05E03,100
Selyse Baratheon,S02E01,189
Selyse Baratheon,S03E05,202
Selyse Baratheon,S04E02,170
Selyse Baratheon,S04E07,237
Selyse Baratheon,S04E10,62
Selyse Baratheon,S05E01,105
Selyse Baratheon,S05E02,42
Selyse Baratheon,S05E04,49
Selyse Baratheon,S05E05,50
Selyse Baratheon,S05E09,211
Selyse Baratheon,S05E10,66
Septa Moelle,S05E10,227
Septa Mordane,S01E01,191
Septa Mordane,S01E03,136
Septa Mordane,S01E04,352
Septa Mordane,S01E05,239
Septa Mordane,S01E06,173
Septa Mordane,S01E08,42
Septa Mordane,S01E10,160
Septa Scolera,S05E10,227
Septa Unella,S05E07,61
Septa Unella,S05E08,131
Septa Unella,S05E10,507
Septa Unella,S06E01,49
Septa Unella,S06E04,57
Septa Unella,S06E06,281
Septa Unella,S06E07,137
Septa Unella,S06E10,229
Septon,S02E10,51
Septon,S03E09,157
Ser Endrew Tarth,S04E01,25
Shae,S01E09,648
Shae,S01E10,84
Shae,S02E01,99
Shae,S02E02,150
Shae,S02E03,233
Shae,S02E06,53
Shae,S02E07,82
Shae,S02E08,89
Shae,S02E09,505
Shae,S02E10,201
Shae,S03E01,167
Shae,S03E02,292
Shae,S03E06,126
Shae,S03E07,135
Shae,S03E08,133
Shae,S03E10,278
Shae,S04E01,186
Shae,S04E02,169
Shae,S04E06,379
Shae,S04E10,150
Shagga,S01E08,442
Shagga,S01E09,48
Shaggydog,S01E01,183
Shaggydog,S01E10,76
Shaggydog,S02E06,19
Shaggydog,S02E07,61
Shaggydog,S02E10,100
Shaggydog,S03E02,68
Shaggydog,S03E09,55
Shaggydog,S06E03,27
Shaggydog,S06E09,5
Shireen Baratheon,S03E05,189
Shireen Baratheon,S03E10,110
Shireen Baratheon,S04E02,86
Shireen Baratheon,S04E03,127
Shireen Baratheon,S04E10,62
Shireen Baratheon,S05E01,105
Shireen Baratheon,S05E02,181
Shireen Baratheon,S05E04,222
Shireen Baratheon,S05E05,50
Shireen Baratheon,S05E09,474
Silk King,S02E04,327
Silk King,S02E07,135
Simpson,S05E10,21
Singing Lannister Soldier,S02E09,329
Sissy,S04E04,381
Sissy,S04E05,204
Slaver,S05E06,186
Smalljon Umber,S06E03,206
Smalljon Umber,S06E09,641
Soldier Tom,S02E10,203
Son of the Harpy,S05E02,81
Sorcerer,S03E04,20
Sparring Boy,S05E01,74
Spice King,S02E04,327
Spice King,S02E06,240
Spice King,S02E07,135
Stannis Baratheon,S02E01,373
Stannis Baratheon,S02E02,234
Stannis Baratheon,S02E04,306
Stannis Baratheon,S02E05,163
Stannis Baratheon,S02E08,176
Stannis Baratheon,S02E09,166
Stannis Baratheon,S02E10,214
Stannis Baratheon,S03E01,162
Stannis Baratheon,S03E03,114
Stannis Baratheon,S03E05,272
Stannis Baratheon,S03E08,391
Stannis Baratheon,S03E10,322
Stannis Baratheon,S04E02,179
Stannis Baratheon,S04E03,110
Stannis Baratheon,S04E06,355
Stannis Baratheon,S04E10,234
Stannis Baratheon,S05E01,379
Stannis Baratheon,S05E02,141
Stannis Baratheon,S05E03,270
Stannis Baratheon,S05E04,279
Stannis Baratheon,S05E05,335
Stannis Baratheon,S05E07,212
Stannis Baratheon,S05E09,523
Stannis Baratheon,S05E10,435
Stark Messenger,S02E08,18
Stark Soldier,S02E10,203
Steelshanks Walton,S03E07,172
Steve,S06E08,73
Stevron Frey,S01E09,96
Stiv,S01E06,207
Stone Man,S05E05,70
Street Tough #1,S05E02,51
Street Tough #2,S05E02,51
Street Urchin,S01E09,58
Strong Sam Stone,S05E01,55
Styr,S04E01,129
Styr,S04E03,103
Styr,S04E08,79
Styr,S04E09,437
Summer,S01E01,709
Summer,S01E02,228
Summer,S01E04,54
Summer,S02E01,33
Summer,S02E03,33
Summer,S02E06,19
Summer,S02E07,61
Summer,S02E10,100
Summer,S03E02,281
Summer,S03E09,46
Summer,S03E10,414
Summer,S04E02,45
Summer,S04E04,73
Summer,S04E10,363
Summer,S06E05,209
Syrio Forel,S01E03,212
Syrio Forel,S01E06,112
Syrio Forel,S01E08,169
Talisa Maegyr,S02E04,157
Talisa Maegyr,S02E06,143
Talisa Maegyr,S02E07,102
Talisa Maegyr,S02E08,526
Talisa Maegyr,S02E10,51
Talisa Maegyr,S03E01,105
Talisa Maegyr,S03E02,329
Talisa Maegyr,S03E03,178
Talisa Maegyr,S03E05,403
Talisa Maegyr,S03E07,308
Talisa Maegyr,S03E09,895
Talla Tarly,S06E06,475
Tansy,S04E02,141
Teela,S08E02,54
Teela,S08E03,231
Ternesio Terys,S04E10,61
Ternesio Terys,S05E02,134
The Bear,S03E07,138
The Crone,S05E03,41
The Maiden,S05E03,67
The Mother,S05E03,41
The Mother of Dragons,S05E03,100
The Night King,S04E04,52
The Night King,S05E08,232
The Night King,S06E05,198
The Night King,S06E06,31
The Night King,S07E01,106
The Night King,S07E05,6
The Night King,S07E06,267
The Night King,S07E07,99
The Night King,S08E03,632
The Smith,S05E03,41
The Stranger,S05E03,67
The Tickler,S02E04,222
The Tickler,S02E05,73
The Waif,S05E03,308
The Waif,S05E06,123
The Waif,S05E08,22
The Waif,S05E10,59
The Waif,S06E01,74
The Waif,S06E02,37
The Waif,S06E03,206
The Waif,S06E05,98
The Waif,S06E06,53
The Waif,S06E07,42
The Waif,S06E08,277
The Waif's Disguise,S06E07,42
The Waif's Disguise,S06E08,11
The Warrior,S05E03,41
Thenn Warg,S04E01,129
Thenn Warg,S04E03,57
Thenn Warg,S04E09,338
Theon Greyjoy,S01E01,1196
Theon Greyjoy,S01E02,109
Theon Greyjoy,S01E04,244
Theon Greyjoy,S01E05,259
Theon Greyjoy,S01E06,366
Theon Greyjoy,S01E07,222
Theon Greyjoy,S01E08,406
Theon Greyjoy,S01E09,332
Theon Greyjoy,S01E10,136
Theon Greyjoy,S02E01,160
Theon Greyjoy,S02E02,575
Theon Greyjoy,S02E03,375
Theon Greyjoy,S02E05,224
Theon Greyjoy,S02E06,591
Theon Greyjoy,S02E07,300
Theon Greyjoy,S02E08,274
Theon Greyjoy,S02E10,409
Theon Greyjoy,S03E02,165
Theon Greyjoy,S03E03,306
Theon Greyjoy,S03E04,261
Theon Greyjoy,S03E06,332
Theon Greyjoy,S03E07,323
Theon Greyjoy,S03E10,218
Theon Greyjoy,S04E02,436
Theon Greyjoy,S04E06,383
Theon Greyjoy,S04E08,371
Theon Greyjoy,S05E03,245
Theon Greyjoy,S05E05,389
Theon Greyjoy,S05E06,442
Theon Greyjoy,S05E07,265
Theon Greyjoy,S05E08,170
Theon Greyjoy,S05E10,124
Theon Greyjoy,S06E01,404
Theon Greyjoy,S06E02,136
Theon Greyjoy,S06E04,186
Theon Greyjoy,S06E05,366
Theon Greyjoy,S06E07,197
Theon Greyjoy,S06E09,244
Theon Greyjoy,S06E10,93
Theon Greyjoy,S07E02,513
Theon Greyjoy,S07E03,46
Theon Greyjoy,S07E04,98
Theon Greyjoy,S07E07,1896
Theon Greyjoy,S08E01,107
Theon Greyjoy,S08E02,265
Theon Greyjoy,S08E03,413
Theon Greyjoy,S08E04,103
Thin Man,S05E08,111
Thin Man,S05E09,75
Thoros of Myr,S03E02,353
Thoros of Myr,S03E03,60
Thoros of Myr,S03E04,302
Thoros of Myr,S03E05,433
Thoros of Myr,S03E06,506
Thoros of Myr,S03E07,104
Thoros of Myr,S06E08,282
Thoros of Myr,S07E01,478
Thoros of Myr,S07E05,203
Thoros of Myr,S07E06,1049
Three-Eyed Raven,S01E04,49
Three-Eyed Raven,S01E06,35
Three-Eyed Raven,S01E10,28
Three-Eyed Raven,S03E02,78
Three-Eyed Raven,S04E02,34
Three-Eyed Raven,S04E10,82
Three-Eyed Raven,S06E02,194
Three-Eyed Raven,S06E03,393
Three-Eyed Raven,S06E05,454
Timett,S01E08,271
Timett,S01E09,48
Timett,S02E03,128
Tobho Mott,S01E04,117
Tobho Mott,S02E01,23
Todder,S03E10,13
Todder,S05E08,223
Tomard,S01E07,210
Tommen Baratheon,S01E01,337
Tommen Baratheon,S01E02,133
Tommen Baratheon,S01E04,249
Tommen Baratheon,S01E05,239
Tommen Baratheon,S02E01,222
Tommen Baratheon,S02E03,88
Tommen Baratheon,S02E06,118
Tommen Baratheon,S02E09,296
Tommen Baratheon,S04E02,924
Tommen Baratheon,S04E03,270
Tommen Baratheon,S04E04,216
Tommen Baratheon,S04E05,164
Tommen Baratheon,S04E06,112
Tommen Baratheon,S05E01,33
Tommen Baratheon,S05E03,281
Tommen Baratheon,S05E04,240
Tommen Baratheon,S05E06,268
Tommen Baratheon,S05E07,190
Tommen Baratheon,S06E02,254
Tommen Baratheon,S06E03,228
Tommen Baratheon,S06E04,196
Tommen Baratheon,S06E06,405
Tommen Baratheon,S06E08,163
Tommen Baratheon,S06E10,229
Tommen's Manservant,S06E10,62
Tormund Giantsbane,S03E01,288
Tormund Giantsbane,S03E02,77
Tormund Giantsbane,S03E03,136
Tormund Giantsbane,S03E05,132
Tormund Giantsbane,S03E06,403
Tormund Giantsbane,S03E07,63
Tormund Giantsbane,S03E09,280
Tormund Giantsbane,S04E01,205
Tormund Giantsbane,S04E03,57
Tormund Giantsbane,S04E08,79
Tormund Giantsbane,S04E09,552
Tormund Giantsbane,S04E10,105
Tormund Giantsbane,S05E01,258
Tormund Giantsbane,S05E05,232
Tormund Giantsbane,S05E07,135
Tormund Giantsbane,S05E08,1189
Tormund Giantsbane,S05E09,82
Tormund Giantsbane,S06E02,390
Tormund Giantsbane,S06E03,322
Tormund Giantsbane,S06E04,306
Tormund Giantsbane,S06E05,240
Tormund Giantsbane,S06E07,183
Tormund Giantsbane,S06E09,1249
Tormund Giantsbane,S06E10,279
Tormund Giantsbane,S07E01,341
Tormund Giantsbane,S07E05,258
Tormund Giantsbane,S07E06,1828
Tormund Giantsbane,S07E07,90
Tormund Giantsbane,S08E01,224
Tormund Giantsbane,S08E02,657
Tormund Giantsbane,S08E03,317
Tormund Giantsbane,S08E04,543
Tormund Giantsbane,S08E06,173
Torrhen Karstark,S02E07,459
Tortured Prisoner,S02E04,208
Tortured Slave,S03E03,57
Trystane Martell,S05E02,33
Trystane Martell,S05E06,246
Trystane Martell,S05E09,267
Trystane Martell,S05E10,63
Trystane Martell,S06E01,70
Tully Bannerman,S06E08,128
Tycho Nestoris,S04E06,263
Tycho Nestoris,S05E09,120
Tycho Nestoris,S07E03,163
Tycho Nestoris,S07E04,90
Tyene Sand,S05E04,134
Tyene Sand,S05E06,170
Tyene Sand,S05E07,224
Tyene Sand,S05E09,146
Tyene Sand,S05E10,113
Tyene Sand,S06E01,135
Tyene Sand,S06E10,97
Tyene Sand,S07E02,75
Tyene Sand,S07E03,524
Tyrell Guard,S05E07,14
Tyrell Lady,S03E04,61
Tyrell Servant,S03E02,29
Tyrion Lannister,S01E01,383
Tyrion Lannister,S01E02,566
Tyrion Lannister,S01E03,635
Tyrion Lannister,S01E04,374
Tyrion Lannister,S01E05,428
Tyrion Lannister,S01E06,787
Tyrion Lannister,S01E08,525
Tyrion Lannister,S01E09,927
Tyrion Lannister,S01E10,278
Tyrion Lannister,S02E01,557
Tyrion Lannister,S02E02,653
Tyrion Lannister,S02E03,732
Tyrion Lannister,S02E04,352
Tyrion Lannister,S02E05,474
Tyrion Lannister,S02E06,245
Tyrion Lannister,S02E07,202
Tyrion Lannister,S02E08,827
Tyrion Lannister,S02E09,837
Tyrion Lannister,S02E10,378
Tyrion Lannister,S03E01,559
Tyrion Lannister,S03E02,201
Tyrion Lannister,S03E03,654
Tyrion Lannister,S03E04,245
Tyrion Lannister,S03E05,361
Tyrion Lannister,S03E06,233
Tyrion Lannister,S03E07,216
Tyrion Lannister,S03E08,904
Tyrion Lannister,S03E10,773
Tyrion Lannister,S04E01,628
Tyrion Lannister,S04E02,1433
Tyrion Lannister,S04E03,320
Tyrion Lannister,S04E04,161
Tyrion Lannister,S04E06,1011
Tyrion Lannister,S04E07,750
Tyrion Lannister,S04E08,680
Tyrion Lannister,S04E10,497
Tyrion Lannister,S05E01,401
Tyrion Lannister,S05E02,146
Tyrion Lannister,S05E03,412
Tyrion Lannister,S05E04,271
Tyrion Lannister,S05E05,468
Tyrion Lannister,S05E06,471
Tyrion Lannister,S05E07,393
Tyrion Lannister,S05E08,605
Tyrion Lannister,S05E09,944
Tyrion Lannister,S05E10,358
Tyrion Lannister,S06E01,213
Tyrion Lannister,S06E02,371
Tyrion Lannister,S06E03,203
Tyrion Lannister,S06E04,424
Tyrion Lannister,S06E05,343
Tyrion Lannister,S06E08,436
Tyrion Lannister,S06E09,634
Tyrion Lannister,S06E10,228
Tyrion Lannister,S07E01,334
Tyrion Lannister,S07E02,685
Tyrion Lannister,S07E03,1308
Tyrion Lannister,S07E04,248
Tyrion Lannister,S07E05,1015
Tyrion Lannister,S07E06,371
Tyrion Lannister,S07E07,1888
Tyrion Lannister,S08E01,498
Tyrion Lannister,S08E02,1303
Tyrion Lannister,S08E03,438
Tyrion Lannister,S08E04,2376
Tyrion Lannister,S08E05,1029
Tyrion Lannister,S08E06,2504
Tywin Lannister,S01E07,283
Tywin Lannister,S01E08,198
Tywin Lannister,S01E09,207
Tywin Lannister,S01E10,194
Tywin Lannister,S02E04,95
Tywin Lannister,S02E05,190
Tywin Lannister,S02E06,436
Tywin Lannister,S02E07,363
Tywin Lannister,S02E08,112
Tywin Lannister,S02E09,19
Tywin Lannister,S02E10,63
Tywin Lannister,S03E01,297
Tywin Lannister,S03E03,244
Tywin Lannister,S03E04,167
Tywin Lannister,S03E05,218
Tywin Lannister,S03E06,225
Tywin Lannister,S03E07,208
Tywin Lannister,S03E08,435
Tywin Lannister,S03E10,424
Tywin Lannister,S04E01,273
Tywin Lannister,S04E02,1023
Tywin Lannister,S04E03,535
Tywin Lannister,S04E05,371
Tywin Lannister,S04E06,1248
Tywin Lannister,S04E08,300
Tywin Lannister,S04E10,351
Tywin Lannister,S05E01,136
Unsullied,S03E01,245
Unsullied Soldier,S08E05,61
Vala,S05E01,119
Vala,S05E04,49
Vala,S06E03,221
Valyrian Slave,S04E04,114
Vance Corbray,S04E08,392
Vardis Egen,S01E05,189
Vardis Egen,S01E06,602
Varly,S01E07,20
Vayon Poole,S01E08,15
Village Woman,S08E01,19
Violet,S03E07,323
Viserion,S01E01,336
Viserion,S01E02,289
Viserion,S01E03,49
Viserion,S01E06,223
Viserion,S01E10,371
Viserion,S02E05,82
Viserion,S02E06,20
Viserion,S02E10,251
Viserion,S03E01,25
Viserion,S03E04,18
Viserion,S03E07,222
Viserion,S03E10,42
Viserion,S04E01,70
Viserion,S04E10,172
Viserion,S05E01,96
Viserion,S05E05,95
Viserion,S06E02,152
Viserion,S06E09,98
Viserion,S06E10,111
Viserion,S07E01,50
Viserion,S07E03,73
Viserion,S07E04,12
Viserion,S07E05,27
Viserion,S07E06,304
Viserion,S07E07,99
Viserion,S08E03,273
Viserys Targaryen,S01E01,716
Viserys Targaryen,S01E02,186
Viserys Targaryen,S01E03,218
Viserys Targaryen,S01E04,444
Viserys Targaryen,S01E06,631
Volantene Whore #1,S06E07,44
Volantene Whore #2,S06E07,44
Volantene Whore #3,S06E07,44
Volantene Whore #4,S06E07,44
Volantene Whore #5,S06E07,44
Walda Bolton,S04E02,36
Walda Bolton,S05E03,62
Walda Bolton,S05E05,289
Walda Bolton,S05E06,115
Walda Bolton,S06E02,172
Walder Frey,S01E09,209
Walder Frey,S03E09,865
Walder Frey,S03E10,140
Walder Frey,S06E06,140
Walder Frey,S06E10,292
Walder Frey,S07E01,190
Wallen,S01E06,207
Warlock,S03E01,108
Waymar Royce,S01E01,306
Wendel Manderly,S03E09,214
Westerosi Trader,S06E07,47
White Rat,S05E01,126
White Walker,S01E01,79
White Walker,S02E02,30
White Walker,S02E10,100
White Walker,S03E01,109
White Walker,S03E08,63
White Walker,S04E02,34
White Walker,S04E04,148
White Walker,S05E08,144
White Walker,S06E05,64
White Walker,S07E01,106
White Walker,S07E05,6
White Walker,S07E06,352
White Walker,S07E07,75
White Walker,S08E02,27
White Walker,S08E03,220
Whore,S05E09,162
Whore #1,S04E01,106
Whore #1,S05E04,66
Whore #2,S04E01,106
Whore #2,S05E04,66
Whore #3,S05E04,66
Whore #4,S05E04,66
Whore #5,S05E04,66
Whore #6,S05E04,66
Wight Wildling Girl,S01E01,17
Wight Wildling Girl,S04E02,34
Wildling Rioter,S06E07,23
Will,S01E01,763
Willa,S05E08,91
Willa,S05E09,55
Willa,S08E04,22
Willem Lannister,S03E03,47
Willem Lannister,S03E05,29
Wine Merchant,S01E07,431
Winter Town Man,S05E05,82
Winterfell Boy,S08E01,74
Winterfell Shepherd,S02E05,56
Winterfell Shepherd,S02E07,99
Wounded Lannister Soldier,S02E04,50
Wun Wun,S05E08,674
Wun Wun,S05E09,85
Wun Wun,S06E02,61
Wun Wun,S06E07,130
Wun Wun,S06E09,514
Wun Wun Wight,S07E01,106
Wun Wun Wight,S08E03,69
Wyllis,S06E02,52
Wyllis,S06E05,84
Wyman Manderly,S06E10,279
Xaro Xhoan Daxos,S02E04,327
Xaro Xhoan Daxos,S02E05,254
Xaro Xhoan Daxos,S02E06,374
Xaro Xhoan Daxos,S02E07,190
Xaro Xhoan Daxos,S02E10,97
Yara Greyjoy,S02E02,188
Yara Greyjoy,S02E03,339
Yara Greyjoy,S02E05,121
Yara Greyjoy,S02E08,238
Yara Greyjoy,S03E10,189
Yara Greyjoy,S04E06,261
Yara Greyjoy,S06E02,340
Yara Greyjoy,S06E04,153
Yara Greyjoy,S06E05,366
Yara Greyjoy,S06E07,197
Yara Greyjoy,S06E09,244
Yara Greyjoy,S06E10,93
Yara Greyjoy,S07E02,518
Yara Greyjoy,S07E03,238
Yara Greyjoy,S08E01,199
Yara Greyjoy,S08E06,751
Yezzan zo Qaggaz,S05E07,415
Yezzan zo Qaggaz,S05E08,55
Yezzan zo Qaggaz,S06E04,170
Yezzan zo Qaggaz,S06E09,261
Ygritte,S02E06,545
Ygritte,S02E07,463
Ygritte,S02E08,125
Ygritte,S02E10,224
Ygritte,S03E01,264
Ygritte,S03E02,77
Ygritte,S03E03,136
Ygritte,S03E05,379
Ygritte,S03E06,645
Ygritte,S03E07,417
Ygritte,S03E09,287
Ygritte,S03E10,106
Ygritte,S04E01,205
Ygritte,S04E03,71
Ygritte,S04E08,96
Ygritte,S04E09,605
Ygritte,S04E10,73
Yohn Royce,S04E08,498
Yohn Royce,S05E01,74
Yohn Royce,S06E04,189
Yohn Royce,S06E10,279
Yohn Royce,S07E01,300
Yohn Royce,S07E02,237
Yohn Royce,S07E03,78
Yohn Royce,S07E05,70
Yohn Royce,S07E07,340
Yohn Royce,S08E01,265
Yohn Royce,S08E02,524
Yohn Royce,S08E04,434
Yohn Royce,S08E06,751
Yoren,S01E03,234
Yoren,S01E04,287
Yoren,S01E05,117
Yoren,S01E09,330
Yoren,S01E10,253
Yoren,S02E02,133
Yoren,S02E03,432
Young Benjen Stark,S06E02,125
Young Benjen Stark,S06E05,13
Young Braavosi,S05E09,42
Young Cersei Lannister,S05E01,250
Young Lyanna Stark,S06E02,84
Young Nan,S06E02,22
Young Nan,S06E05,47
Young Ned Stark,S06E02,125
Young Ned Stark,S06E03,323
Young Ned Stark,S06E05,28
Young Ned Stark,S06E06,10
Young Ned Stark,S06E10,154
Young Ned Stark,S07E07,20
Young Rodrik Cassel,S06E02,73
Young Rodrik Cassel,S06E05,28
Yunkai'i Whore,S03E08,124
Zanrush,S06E01,31
Zanrush,S06E05,274
